Workbook
Name _top1: [1]PID_MS1!#REF!
Name last1: [1]PID_MS1!#REF!

Sheet P0000-P3FFF
A1: Type | B1: Abs# | C1: Number | D1: 2 byte DTC -OR- 3 byte DTC using DTC Format Identifier 0x00 | E1: Location | F1: Note | G1: To convert to format 0x04, use the following DTC #: | H1: 3 byte DTC using DTC Format Identifier 0x04 | I1: FTB (hex) | J1: FTB Description
A2: Table | C2: P00 | D2: Table P00 | G2: ---- | H2: =D2 -> Table P00 | I2: ----
C3: P0000 | D3: ISO/SAE Reserved | G3: ISO/SAE Reserved | H3: ISO/SAE Reserved | I3: ISO/SAE Reserved
C4: P0001 | D4: Fuel Volume Regulator "A" Control Circuit/Open | G4: P0001 | H4: Fuel Volume Regulator "A" Control | I4: 13 | J4: =VLOOKUP(I4,FTB.Sub.Types!$A$2:$B$258,2) -> Circuit Open
C5: P0002 | D5: Fuel Volume Regulator "A" Control Circuit Performance | G5: P0001 | H5: ISO/SAE Reserved - Previously Defined for 2-Byte DTCs | I5: 92 | J5: =VLOOKUP(I5,FTB.Sub.Types!$A$2:$B$258,2) -> Performance or Incorrect Operation
C6: P0003 | D6: Fuel Volume Regulator "A" Control Circuit Low | G6: P0001 | H6: ISO/SAE Reserved - Previously Defined for 2-Byte DTCs | I6: 11 | J6: =VLOOKUP(I6,FTB.Sub.Types!$A$2:$B$258,2) -> Circuit Short To Ground
C7: P0004 | D7: Fuel Volume Regulator "A" Control Circuit High | G7: P0001 | H7: ISO/SAE Reserved - Previously Defined for 2-Byte DTCs | I7: 12 | J7: =VLOOKUP(I7,FTB.Sub.Types!$A$2:$B$258,2) -> Circuit Short To Battery
C8: P0005 | D8: Fuel Shutoff Valve "A" Control Circuit/Open | G8: P0005 | H8: Fuel Shutoff Valve "A" Control | I8: 13 | J8: =VLOOKUP(I8,FTB.Sub.Types!$A$2:$B$258,2) -> Circuit Open
C9: P0006 | D9: Fuel Shutoff Valve "A" Control Circuit Low | G9: P0005 | H9: ISO/SAE Reserved - Previously Defined for 2-Byte DTCs | I9: 11 | J9: =VLOOKUP(I9,FTB.Sub.Types!$A$2:$B$258,2) -> Circuit Short To Ground
C10: P0007 | D10: Fuel Shutoff Valve "A" Control Circuit High | G10: P0005 | H10: ISO/SAE Reserved - Previously Defined for 2-Byte DTCs | I10: 12 | J10: =VLOOKUP(I10,FTB.Sub.Types!$A$2:$B$258,2) -> Circuit Short To Battery
C11: P0008 | D11: Engine Position System Performance Bank 1 | G11: P0008 | H11: Engine Position System Performance Bank 1 | I11: 0 | J11: =VLOOKUP(I11,FTB.Sub.Types!$A$2:$B$258,2) -> No Sub Type Information
C12: P0009 | D12: Engine Position System Performance Bank 2 | G12: P0009 | H12: Engine Position System Performance Bank 2 | I12: 0 | J12: =VLOOKUP(I12,FTB.Sub.Types!$A$2:$B$258,2) -> No Sub Type Information
C13: P000A | D13: "A" Camshaft Position Slow Response Bank 1 | F13: a | G13: P000A | H13: "A" Camshaft Position Bank 1 | I13: 7C | J13: =VLOOKUP(I13,FTB.Sub.Types!$A$2:$B$258,2) -> Slow Response
C14: P000B | D14: "B" Camshaft Position Slow Response Bank 1 | F14: b | G14: P000B | H14: "B" Camshaft Position Bank 1 | I14: 7C | J14: =VLOOKUP(I14,FTB.Sub.Types!$A$2:$B$258,2) -> Slow Response
C15: P000C | D15: "A" Camshaft Position Slow Response Bank 2 | F15: a | G15: P000C | H15: "A" Camshaft Position Bank 2 | I15: 7C | J15: =VLOOKUP(I15,FTB.Sub.Types!$A$2:$B$258,2) -> Slow Response
C16: P000D | D16: "B" Camshaft Position Slow Response Bank 2 | F16: b | G16: P000D | H16: "B" Camshaft Position Bank 2 | I16: 7C | J16: =VLOOKUP(I16,FTB.Sub.Types!$A$2:$B$258,2) -> Slow Response
C17: P000E | D17: Fuel Volume Regulator Control Exceeded Learning Limit | G17: P0001 | H17: ISO/SAE Reserved - Previously Defined for 2-Byte DTCs | I17: 99 | J17: =VLOOKUP(I17,FTB.Sub.Types!$A$2:$B$258,2) -> Exceeded Learning Limit
C18: P000F | D18: Fuel System Over Pressure Relief Valve Activated | G18: P000F | H18: Fuel System Over Pressure Relief Valve Activated | I18: 0 | J18: =VLOOKUP(I18,FTB.Sub.Types!$A$2:$B$258,2) -> No Sub Type Information
C19: P0010 | D19: "A" Camshaft Position Actuator "A" Control Circuit/Open Bank 1 | F19: a | G19: P0010 | H19: "A" Camshaft Position Actuator "A" Control | I19: 13 | J19: =VLOOKUP(I19,FTB.Sub.Types!$A$2:$B$258,2) -> Circuit Open
C20: P0011 | D20: "A" Camshaft Position - Timing Over-Advanced or System Performance Bank 1 | F20: a | G20: P0011 | H20: "A" Camshaft Position - Timing Over-Advanced or System Performance Bank 1 | I20: 0 | J20: =VLOOKUP(I20,FTB.Sub.Types!$A$2:$B$258,2) -> No Sub Type Information
C21: P0012 | D21: "A" Camshaft Position - Timing Over-Retarded Bank 1 | F21: a | G21: P0012 | H21: "A" Camshaft Position - Timing Over-Retarded Bank 1 | I21: 0 | J21: =VLOOKUP(I21,FTB.Sub.Types!$A$2:$B$258,2) -> No Sub Type Information
C22: P0013 | D22: "B" Camshaft Position Actuator "A" Control Circuit/Open Bank 1 | F22: b | G22: P0013 | H22: "B" Camshaft Position Actuator "A" Control | I22: 13 | J22: =VLOOKUP(I22,FTB.Sub.Types!$A$2:$B$258,2) -> Circuit Open
C23: P0014 | D23: "B" Camshaft Position - Timing Over-Advanced or System Performance Bank 1 | F23: b | G23: P0014 | H23: "B" Camshaft Position - Timing Over-Advanced or System Performance Bank 1 | I23: 0 | J23: =VLOOKUP(I23,FTB.Sub.Types!$A$2:$B$258,2) -> No Sub Type Information
C24: P0015 | D24: "B" Camshaft Position - Timing Over-Retarded Bank 1 | F24: b | G24: P0015 | H24: "B" Camshaft Position - Timing Over-Retarded Bank 1 | I24: 0 | J24: =VLOOKUP(I24,FTB.Sub.Types!$A$2:$B$258,2) -> No Sub Type Information
C25: P0016 | D25: Crankshaft Position - Camshaft Position Correlation Bank 1 Sensor A | G25: P0016 | H25: Crankshaft Position - Camshaft Position Correlation Bank 1 Sensor A | I25: 0 | J25: =VLOOKUP(I25,FTB.Sub.Types!$A$2:$B$258,2) -> No Sub Type Information
C26: P0017 | D26: Crankshaft Position - Camshaft Position Correlation Bank 1 Sensor B | G26: P0017 | H26: Crankshaft Position - Camshaft Position Correlation Bank 1 Sensor B | I26: 0 | J26: =VLOOKUP(I26,FTB.Sub.Types!$A$2:$B$258,2) -> No Sub Type Information
C27: P0018 | D27: Crankshaft Position - Camshaft Position Correlation Bank 2 Sensor A | G27: P0018 | H27: Crankshaft Position - Camshaft Position Correlation Bank 2 Sensor A | I27: 0 | J27: =VLOOKUP(I27,FTB.Sub.Types!$A$2:$B$258,2) -> No Sub Type Information
C28: P0019 | D28: Crankshaft Position - Camshaft Position Correlation Bank 2 Sensor B | G28: P0019 | H28: Crankshaft Position - Camshaft Position Correlation Bank 2 Sensor B | I28: 0 | J28: =VLOOKUP(I28,FTB.Sub.Types!$A$2:$B$258,2) -> No Sub Type Information
C29: P001A | D29: "A" Camshaft Profile Actuator "A" Control Circuit/Open Bank 1 | F29: a | G29: P001A | H29: "A" Camshaft Profile Actuator "A" Control | I29: 13 | J29: =VLOOKUP(I29,FTB.Sub.Types!$A$2:$B$258,2) -> Circuit Open
C30: P001B | D30: "A" Camshaft Profile Actuator "A" Control Circuit Low Bank 1 | F30: a | G30: P001A | H30: ISO/SAE Reserved - Previously Defined for 2-Byte DTCs | I30: 11 | J30: =VLOOKUP(I30,FTB.Sub.Types!$A$2:$B$258,2) -> Circuit Short To Ground
C31: P001C | D31: "A" Camshaft Profile Actuator "A" Control Circuit High Bank 1 | F31: a | G31: P001A | H31: ISO/SAE Reserved - Previously Defined for 2-Byte DTCs | I31: 12 | J31: =VLOOKUP(I31,FTB.Sub.Types!$A$2:$B$258,2) -> Circuit Short To Battery
C32: P001D | D32: "A" Camshaft Profile Actuator "A" Control Circuit/Open Bank 2 | F32: a | G32: P001D | H32: "A" Camshaft Profile Actuator "A" Control Bank 2 | I32: 13 | J32: =VLOOKUP(I32,FTB.Sub.Types!$A$2:$B$258,2) -> Circuit Open
C33: P001E | D33: "A" Camshaft Profile Actuator "A" Control Circuit Low Bank 2 | F33: a | G33: P001D | H33: ISO/SAE Reserved - Previously Defined for 2-Byte DTCs | I33: 11 | J33: =VLOOKUP(I33,FTB.Sub.Types!$A$2:$B$258,2) -> Circuit Short To Ground
C34: P001F | D34: "A" Camshaft Profile Actuator "A" Control Circuit High Bank 2 | F34: a | G34: P001D | H34: ISO/SAE Reserved - Previously Defined for 2-Byte DTCs | I34: 12 | J34: =VLOOKUP(I34,FTB.Sub.Types!$A$2:$B$258,2) -> Circuit Short To Battery
C35: P0020 | D35: "A" Camshaft Position Actuator "A" Control Circuit/Open Bank 2 | F35: a | G35: P001D | H35: ISO/SAE Reserved - Previously Defined for 2-Byte DTCs | I35: 13 | J35: =VLOOKUP(I35,FTB.Sub.Types!$A$2:$B$258,2) -> Circuit Open
C36: P0021 | D36: "A" Camshaft Position - Timing Over-Advanced or System Performance Bank 2 | F36: a | G36: P0021 | H36: "A" Camshaft Position - Timing Over-Advanced or System Performance Bank 2 | I36: 0 | J36: =VLOOKUP(I36,FTB.Sub.Types!$A$2:$B$258,2) -> No Sub Type Information
C37: P0022 | D37: "A" Camshaft Position - Timing Over-Retarded Bank 2 | F37: a | G37: P0022 | H37: "A" Camshaft Position - Timing Over-Retarded Bank 2 | I37: 0 | J37: =VLOOKUP(I37,FTB.Sub.Types!$A$2:$B$258,2) -> No Sub Type Information
C38: P0023 | D38: "B" Camshaft Position Actuator "A" Control Circuit/Open Bank 2 | F38: b | G38: P0023 | H38: "B" Camshaft Position Actuator "A" Control Bank 2 | I38: 13 | J38: =VLOOKUP(I38,FTB.Sub.Types!$A$2:$B$258,2) -> Circuit Open
C39: P0024 | D39: "B" Camshaft Position - Timing Over-Advanced or System Performance Bank 2 | F39: b | G39: P0024 | H39: "B" Camshaft Position - Timing Over-Advanced or System Performance Bank 2 | I39: 0 | J39: =VLOOKUP(I39,FTB.Sub.Types!$A$2:$B$258,2) -> No Sub Type Information
C40: P0025 | D40: "B" Camshaft Position - Timing Over-Retarded Bank 2 | F40: b | G40: P0025 | H40: "B" Camshaft Position - Timing Over-Retarded Bank 2 | I40: 0 | J40: =VLOOKUP(I40,FTB.Sub.Types!$A$2:$B$258,2) -> No Sub Type Information
C41: P0026 | D41: Intake Valve Control Solenoid Circuit Range/Performance Bank 1 | G41: P0075 | H41: ISO/SAE Reserved - Previously Defined for 2-Byte DTCs | I41: 92 | J41: =VLOOKUP(I41,FTB.Sub.Types!$A$2:$B$258,2) -> Performance or Incorrect Operation
C42: P0027 | D42: Exhaust Valve Control Solenoid Circuit Range/Performance Bank 1 | G42: P0078 | H42: ISO/SAE Reserved - Previously Defined for 2-Byte DTCs | I42: 92 | J42: =VLOOKUP(I42,FTB.Sub.Types!$A$2:$B$258,2) -> Performance or Incorrect Operation
C43: P0028 | D43: Intake Valve Control Solenoid Circuit Range/Performance Bank 2 | G43: P0081 | H43: ISO/SAE Reserved - Previously Defined for 2-Byte DTCs | I43: 92 | J43: =VLOOKUP(I43,FTB.Sub.Types!$A$2:$B$258,2) -> Performance or Incorrect Operation
C44: P0029 | D44: Exhaust Valve Control Solenoid Circuit Range/Performance Bank 2 | G44: P0084 | H44: ISO/SAE Reserved - Previously Defined for 2-Byte DTCs | I44: 92 | J44: =VLOOKUP(I44,FTB.Sub.Types!$A$2:$B$258,2) -> Performance or Incorrect Operation
C45: P002A | D45: "B" Camshaft Profile Actuator "A" Control Circuit/Open Bank 1 | F45: b | G45: P002A | H45: "B" Camshaft Profile Actuator "A" Control Bank 1 | I45: 13 | J45: =VLOOKUP(I45,FTB.Sub.Types!$A$2:$B$258,2) -> Circuit Open
C46: P002B | D46: "B" Camshaft Profile Actuator "A" Control Circuit Low Bank 1 | F46: b | G46: P002A | H46: ISO/SAE Reserved - Previously Defined for 2-Byte DTCs | I46: 11 | J46: =VLOOKUP(I46,FTB.Sub.Types!$A$2:$B$258,2) -> Circuit Short To Ground
C47: P002C | D47: "B" Camshaft Profile Actuator "A" Control Circuit High Bank 1 | F47: b | G47: P002A | H47: ISO/SAE Reserved - Previously Defined for 2-Byte DTCs | I47: 12 | J47: =VLOOKUP(I47,FTB.Sub.Types!$A$2:$B$258,2) -> Circuit Short To Battery
C48: P002D | D48: "B" Camshaft Profile Actuator "A" Control Circuit/Open Bank 2 | F48: b | G48: P002D | H48: "B" Camshaft Profile Actuator "A" Control Bank 2 | I48: 13 | J48: =VLOOKUP(I48,FTB.Sub.Types!$A$2:$B$258,2) -> Circuit Open
C49: P002E | D49: "B" Camshaft Profile Actuator "A" Control Circuit Low Bank 2 | F49: b | G49: P002D | H49: ISO/SAE Reserved - Previously Defined for 2-Byte DTCs | I49: 11 | J49: =VLOOKUP(I49,FTB.Sub.Types!$A$2:$B$258,2) -> Circuit Short To Ground
C50: P002F | D50: "B" Camshaft Profile Actuator "A" Control Circuit High Bank 2 | F50: b | G50: P002D | H50: ISO/SAE Reserved - Previously Defined for 2-Byte DTCs | I50: 12 | J50: =VLOOKUP(I50,FTB.Sub.Types!$A$2:$B$258,2) -> Circuit Short To Battery
C51: P0030 | D51: HO2S Heater Control Circuit Bank 1 Sensor 1 | G51: P0030 | H51: HO2S Heater Control Bank 1 Sensor 1 | I51: 13 | J51: =VLOOKUP(I51,FTB.Sub.Types!$A$2:$B$258,2) -> Circuit Open
C52: P0031 | D52: HO2S Heater Control Circuit Low Bank 1 Sensor 1 | G52: P0030 | H52: ISO/SAE Reserved - Previously Defined for 2-Byte DTCs | I52: 11 | J52: =VLOOKUP(I52,FTB.Sub.Types!$A$2:$B$258,2) -> Circuit Short To Ground
C53: P0032 | D53: HO2S Heater Control Circuit High Bank 1 Sensor 1 | G53: P0030 | H53: ISO/SAE Reserved - Previously Defined for 2-Byte DTCs | I53: 12 | J53: =VLOOKUP(I53,FTB.Sub.Types!$A$2:$B$258,2) -> Circuit Short To Battery
C54: P0033 | D54: Turbocharger/Supercharger Bypass Valve "A" Control Circuit | G54: P0033 | H54: Turbocharger/Supercharger Bypass Valve "A" Control | I54: 13 | J54: =VLOOKUP(I54,FTB.Sub.Types!$A$2:$B$258,2) -> Circuit Open
C55: P0034 | D55: Turbocharger/Supercharger Bypass Valve "A" Control Circuit Low | G55: P0033 | H55: ISO/SAE Reserved - Previously Defined for 2-Byte DTCs | I55: 11 | J55: =VLOOKUP(I55,FTB.Sub.Types!$A$2:$B$258,2) -> Circuit Short To Ground
C56: P0035 | D56: Turbocharger/Supercharger Bypass Valve "A" Control Circuit High | G56: P0033 | H56: ISO/SAE Reserved - Previously Defined for 2-Byte DTCs | I56: 12 | J56: =VLOOKUP(I56,FTB.Sub.Types!$A$2:$B$258,2) -> Circuit Short To Battery
C57: P0036 | D57: HO2S Heater Control Circuit Bank 1 Sensor 2 | G57: P0036 | H57: HO2S Heater Control Bank 1 Sensor 2 | I57: 13 | J57: =VLOOKUP(I57,FTB.Sub.Types!$A$2:$B$258,2) -> Circuit Open
C58: P0037 | D58: HO2S Heater Control Circuit Low Bank 1 Sensor 2 | G58: P0036 | H58: ISO/SAE Reserved - Previously Defined for 2-Byte DTCs | I58: 11 | J58: =VLOOKUP(I58,FTB.Sub.Types!$A$2:$B$258,2) -> Circuit Short To Ground
C59: P0038 | D59: HO2S Heater Control Circuit High Bank 1 Sensor 2 | G59: P0036 | H59: ISO/SAE Reserved - Previously Defined for 2-Byte DTCs | I59: 12 | J59: =VLOOKUP(I59,FTB.Sub.Types!$A$2:$B$258,2) -> Circuit Short To Battery
C60: P0039 | D60: Turbocharger/Supercharger Bypass Valve "A" Control Circuit Range/Performance | G60: P0033 | H60: ISO/SAE Reserved - Previously Defined for 2-Byte DTCs | I60: 92 | J60: =VLOOKUP(I60,FTB.Sub.Types!$A$2:$B$258,2) -> Performance or Incorrect Operation
C61: P003A | D61: Turbocharger/Supercharger Boost Control "A" Position Exceeded Learning Limit | G61: P0045 | H61: ISO/SAE Reserved - Previously Defined for 2-Byte DTCs | I61: 99 | J61: =VLOOKUP(I61,FTB.Sub.Types!$A$2:$B$258,2) -> Exceeded Learning Limit
C62: P003B | D62: Turbocharger/Supercharger Boost Control "B" Position Exceeded Learning Limit | G62: P004A | H62: ISO/SAE Reserved - Previously Defined for 2-Byte DTCs | I62: 99 | J62: =VLOOKUP(I62,FTB.Sub.Types!$A$2:$B$258,2) -> Exceeded Learning Limit
C63: P003C | D63: "A" Camshaft Profile Actuator "A" Control Performance/Stuck Off Bank 1 | G63: P001A | H63: ISO/SAE Reserved - Previously Defined for 2-Byte DTCs | I63: 7F | J63: =VLOOKUP(I63,FTB.Sub.Types!$A$2:$B$258,2) -> Actuator Stuck Off
C64: P003D | D64: "A" Camshaft Profile Actuator "A" Control Stuck On Bank 1 | G64: P001A | H64: ISO/SAE Reserved - Previously Defined for 2-Byte DTCs | I64: 7E | J64: =VLOOKUP(I64,FTB.Sub.Types!$A$2:$B$258,2) -> Actuator Stuck On
C65: P003E | D65: "A" Camshaft Profile Actuator "A" Control Performance/Stuck Off Bank 2 | G65: P001D | H65: ISO/SAE Reserved - Previously Defined for 2-Byte DTCs | I65: 7F | J65: =VLOOKUP(I65,FTB.Sub.Types!$A$2:$B$258,2) -> Actuator Stuck Off
C66: P003F | D66: "A" Camshaft Profile Actuator "A" Control Stuck On Bank 2 | G66: P001D | H66: ISO/SAE Reserved - Previously Defined for 2-Byte DTCs | I66: 7E | J66: =VLOOKUP(I66,FTB.Sub.Types!$A$2:$B$258,2) -> Actuator Stuck On
C67: P0040 | D67: O2 Sensor Signals Swapped Bank 1 Sensor 1/Bank 2 Sensor 1 | G67: P0040 | H67: O2 Sensor Signals Swapped Bank 1 Sensor 1/Bank 2 Sensor 1 | I67: 0 | J67: =VLOOKUP(I67,FTB.Sub.Types!$A$2:$B$258,2) -> No Sub Type Information
C68: P0041 | D68: O2 Sensor Signals Swapped Bank 1 Sensor 2/Bank 2 Sensor 2 | G68: P0041 | H68: O2 Sensor Signals Swapped Bank 1 Sensor 2/Bank 2 Sensor 2 | I68: 0 | J68: =VLOOKUP(I68,FTB.Sub.Types!$A$2:$B$258,2) -> No Sub Type Information
C69: P0042 | D69: HO2S Heater Control Circuit Bank 1 Sensor 3 | G69: P0042 | H69: HO2S Heater Control Bank 1 Sensor 3 | I69: 13 | J69: =VLOOKUP(I69,FTB.Sub.Types!$A$2:$B$258,2) -> Circuit Open
C70: P0043 | D70: HO2S Heater Control Circuit Low Bank 1 Sensor 3 | G70: P0042 | H70: ISO/SAE Reserved - Previously Defined for 2-Byte DTCs | I70: 11 | J70: =VLOOKUP(I70,FTB.Sub.Types!$A$2:$B$258,2) -> Circuit Short To Ground
C71: P0044 | D71: HO2S Heater Control Circuit High Bank 1 Sensor 3 | G71: P0042 | H71: ISO/SAE Reserved - Previously Defined for 2-Byte DTCs | I71: 12 | J71: =VLOOKUP(I71,FTB.Sub.Types!$A$2:$B$258,2) -> Circuit Short To Battery
C72: P0045 | D72: Turbocharger/Supercharger Boost Control "A" Circuit/Open | G72: P0045 | H72: Turbocharger/Supercharger Boost Control "A" | I72: 13 | J72: =VLOOKUP(I72,FTB.Sub.Types!$A$2:$B$258,2) -> Circuit Open
C73: P0046 | D73: Turbocharger/Supercharger Boost Control "A" Circuit Range/Performance | G73: P0045 | H73: ISO/SAE Reserved - Previously Defined for 2-Byte DTCs | I73: 92 | J73: =VLOOKUP(I73,FTB.Sub.Types!$A$2:$B$258,2) -> Performance or Incorrect Operation
C74: P0047 | D74: Turbocharger/Supercharger Boost Control "A" Circuit Low | G74: P0045 | H74: ISO/SAE Reserved - Previously Defined for 2-Byte DTCs | I74: 11 | J74: =VLOOKUP(I74,FTB.Sub.Types!$A$2:$B$258,2) -> Circuit Short To Ground
C75: P0048 | D75: Turbocharger/Supercharger Boost Control "A" Circuit High | G75: P0045 | H75: ISO/SAE Reserved - Previously Defined for 2-Byte DTCs | I75: 12 | J75: =VLOOKUP(I75,FTB.Sub.Types!$A$2:$B$258,2) -> Circuit Short To Battery
C76: P0049 | D76: Turbocharger/Supercharger "A" Turbine Overspeed | G76: P0049 | H76: Turbocharger/Supercharger "A" Turbine | I76: 37 | J76: =VLOOKUP(I76,FTB.Sub.Types!$A$2:$B$258,2) -> Signal Frequency Too High
C77: P004A | D77: Turbocharger/Supercharger Boost Control "B" Circuit/Open | G77: P004A | H77: Turbocharger/Supercharger Boost Control "B" | I77: 13 | J77: =VLOOKUP(I77,FTB.Sub.Types!$A$2:$B$258,2) -> Circuit Open
C78: P004B | D78: Turbocharger/Supercharger Boost Control "B" Circuit Range/Performance | G78: P004A | H78: ISO/SAE Reserved - Previously Defined for 2-Byte DTCs | I78: 92 | J78: =VLOOKUP(I78,FTB.Sub.Types!$A$2:$B$258,2) -> Performance or Incorrect Operation
... C80: P004D | D80: Turbocharger/Supercharger Boost Control "B" Circuit High | G80: P004A | H80: ISO/SAE Reserved - Previously Defined for 2-Byte DTCs | I80: 12 | J80: =VLOOKUP(I80,FTB.Sub.Types!$A$2:$B$258,2) -> Circuit Short To Battery
C81: P004E | D81: Turbocharger/Supercharger Boost Control "A" Circuit Intermittent/Erratic | G81: P0045 | H81: ISO/SAE Reserved - Previously Defined for 2-Byte DTCs | I81: 1F | J81: =VLOOKUP(I81,FTB.Sub.Types!$A$2:$B$258,2) -> Circuit Intermittent
C82: P004F | D82: Turbocharger/Supercharger Boost Control "B" Circuit Intermittent/Erratic | G82: P004A | H82: ISO/SAE Reserved - Previously Defined for 2-Byte DTCs | I82: 1F | J82: =VLOOKUP(I82,FTB.Sub.Types!$A$2:$B$258,2) -> Circuit Intermittent
C83: P0050 | D83: HO2S Heater Control Circuit Bank 2 Sensor 1 | G83: P0050 | H83: HO2S Heater Control Bank 2 Sensor 1 | I83: 13 | J83: =VLOOKUP(I83,FTB.Sub.Types!$A$2:$B$258,2) -> Circuit Open
C84: P0051 | D84: HO2S Heater Control Circuit Low Bank 2 Sensor 1 | G84: P0050 | H84: ISO/SAE Reserved - Previously Defined for 2-Byte DTCs | I84: 11 | J84: =VLOOKUP(I84,FTB.Sub.Types!$A$2:$B$258,2) -> Circuit Short To Ground
C85: P0052 | D85: HO2S Heater Control Circuit High Bank 2 Sensor 1 | G85: P0050 | H85: ISO/SAE Reserved - Previously Defined for 2-Byte DTCs | I85: 12 | J85: =VLOOKUP(I85,FTB.Sub.Types!$A$2:$B$258,2) -> Circuit Short To Battery
C86: P0053 | D86: HO2S Heater Resistance Bank 1 Sensor 1 | G86: P0030 | H86: ISO/SAE Reserved - Previously Defined for 2-Byte DTCs | I86: 1E | J86: =VLOOKUP(I86,FTB.Sub.Types!$A$2:$B$258,2) -> Circuit Resistance Out of Range
C87: P0054 | D87: HO2S Heater Resistance Bank 1 Sensor 2 | G87: P0036 | H87: ISO/SAE Reserved - Previously Defined for 2-Byte DTCs | I87: 1E | J87: =VLOOKUP(I87,FTB.Sub.Types!$A$2:$B$258,2) -> Circuit Resistance Out of Range
C88: P0055 | D88: HO2S Heater Resistance Bank 1 Sensor 3 | G88: P0042 | H88: ISO/SAE Reserved - Previously Defined for 2-Byte DTCs | I88: 1E | J88: =VLOOKUP(I88,FTB.Sub.Types!$A$2:$B$258,2) -> Circuit Resistance Out of Range
C89: P0056 | D89: HO2S Heater Control Circuit Bank 2 Sensor 2 | G89: P0056 | H89: HO2S Heater Control Bank 2 Sensor 2 | I89: 13 | J89: =VLOOKUP(I89,FTB.Sub.Types!$A$2:$B$258,2) -> Circuit Open
C90: P0057 | D90: HO2S Heater Control Circuit Low Bank 2 Sensor 2 | G90: P0056 | H90: ISO/SAE Reserved - Previously Defined for 2-Byte DTCs | I90: 11 | J90: =VLOOKUP(I90,FTB.Sub.Types!$A$2:$B$258,2) -> Circuit Short To Ground
C91: P0058 | D91: HO2S Heater Control Circuit High Bank 2 Sensor 2 | G91: P0056 | H91: ISO/SAE Reserved - Previously Defined for 2-Byte DTCs | I91: 12 | J91: =VLOOKUP(I91,FTB.Sub.Types!$A$2:$B$258,2) -> Circuit Short To Battery
C92: P0059 | D92: HO2S Heater Resistance Bank 2 Sensor 1 | G92: P0050 | H92: ISO/SAE Reserved - Previously Defined for 2-Byte DTCs | I92: 1E | J92: =VLOOKUP(I92,FTB.Sub.Types!$A$2:$B$258,2) -> Circuit Resistance Out of Range
C93: P005A | D93: "B" Camshaft Profile Actuator "A" Control Performance/Stuck Off Bank 1 | F93: b | G93: P002A | H93: ISO/SAE Reserved - Previously Defined for 2-Byte DTCs | I93: 7F | J93: =VLOOKUP(I93,FTB.Sub.Types!$A$2:$B$258,2) -> Actuator Stuck Off
C94: P005B | D94: "B" Camshaft Profile Actuator "A" Control Stuck On Bank 1 | F94: b | G94: P002A | H94: ISO/SAE Reserved - Previously Defined for 2-Byte DTCs | I94: 7E | J94: =VLOOKUP(I94,FTB.Sub.Types!$A$2:$B$258,2) -> Actuator Stuck On
C95: P005C | D95: "B" Camshaft Profile Actuator "A" Control Performance/Stuck Off Bank 2 | F95: b | G95: P002D | H95: ISO/SAE Reserved - Previously Defined for 2-Byte DTCs | I95: 7F | J95: =VLOOKUP(I95,FTB.Sub.Types!$A$2:$B$258,2) -> Actuator Stuck Off
C96: P005D | D96: "B" Camshaft Profile Actuator "A" Control Stuck On Bank 2 | F96: b | G96: P002D | H96: ISO/SAE Reserved - Previously Defined for 2-Byte DTCs | I96: 7E | J96: =VLOOKUP(I96,FTB.Sub.Types!$A$2:$B$258,2) -> Actuator Stuck On
C97: P005E | D97: Turbocharger/Supercharger Boost Control "B" Supply Voltage Circuit Low | G97: P005E | H97: Turbocharger/Supercharger Boost Control "B" Supply Voltage Circuit | I97: 11 | J97: =VLOOKUP(I97,FTB.Sub.Types!$A$2:$B$258,2) -> Circuit Short To Ground
C98: P005F | D98: Turbocharger/Supercharger Boost Control "B" Supply Voltage Circuit High | G98: P005E | H98: ISO/SAE Reserved - Previously Defined for 2-Byte DTCs | I98: 12 | J98: =VLOOKUP(I98,FTB.Sub.Types!$A$2:$B$258,2) -> Circuit Short To Battery
C99: P0060 | D99: HO2S Heater Resistance Bank 2 Sensor 2 | G99: P0056 | H99: ISO/SAE Reserved - Previously Defined for 2-Byte DTCs | I99: 1E | J99: =VLOOKUP(I99,FTB.Sub.Types!$A$2:$B$258,2) -> Circuit Resistance Out of Range
C100: P0061 | D100: HO2S Heater Resistance Bank 2 Sensor 3 | G100: P0062 | H100: ISO/SAE Reserved - Previously Defined for 2-Byte DTCs | I100: 1E | J100: =VLOOKUP(I100,FTB.Sub.Types!$A$2:$B$258,2) -> Circuit Resistance Out of Range
C101: P0062 | D101: HO2S Heater Control Circuit Bank 2 Sensor 3 | G101: P0062 | H101: HO2S Heater Control Bank 2 Sensor 3 | I101: 13 | J101: =VLOOKUP(I101,FTB.Sub.Types!$A$2:$B$258,2) -> Circuit Open
...

Sheet B0000-B3FFF
A1: Type | B1: Abs# | C1: Number | D1: 3 byte DTC using DTC Format Identifier 0x00 -OR- 3 byte DTC using DTC Format Identifier 0x04 | E1: Location | F1: Note | G1: Comment | H1: ="Reserved"&" "&COUNTIF(D:D, "ISO/SAE Reserved") -> Reserved 4070
A2: Table | C2: B00 | D2: Table B00
B3: 0 | C3: B0000 | D3: ISO/SAE Reserved
B4: 1 | C4: B0001 | D4: Driver Frontal Stage 1 Deployment Control
B5: 2 | C5: B0002 | D5: Driver Frontal Stage 2 Deployment Control
B6: 3 | C6: B0003 | D6: Driver Frontal Stage 3 Deployment Control
B7: 4 | C7: B0004 | D7: Driver Knee Bolster Deployment Control
B8: 5 | C8: B0005 | D8: Collapsible Steering Column Deployment Control
B9: 6 | C9: B0006 | D9: ISO/SAE Reserved
B10: 7 | C10: B0007 | D10: ISO/SAE Reserved
B11: 8 | C11: B0008 | D11: ISO/SAE Reserved
B12: 9 | C12: B0009 | D12: ISO/SAE Reserved
B13: A | C13: B000A | D13: ISO/SAE Reserved
B14: B | C14: B000B | D14: ISO/SAE Reserved
... B4098: FFF | C4098: B0FFF | D4098: ISO/SAE Reserved
A4099: Table | C4099: B1XXX | D4099: Table B1XXX Manufacturer Controlled DTC
B4100: 1000 | C4100: B1000 | D4100: Manufacturer Controlled DTC
A4101: Table | C4101: B2XXX | D4101: Table B2XXX Manufacturer Controlled DTC
B4102: 2000 | C4102: B2000 | D4102: Manufacturer Controlled DTC
A4103: Table | C4103: B3000-B3999 | D4103: Table B3000-B3999 ISO/SAE Reserved
B4104: B3000 | C4104: B3000 | D4104: B3000-B3999 ISO/SAE Reserved
A4105: Table | C4105: B3A00-B3AFF | D4105: Table ISO/SAE Industry Standard DTC
B4106: 3A00 | C4106: B3A00 | D4106: A/C Refrigerant Distribution Valve Actuator "C" Stuck/Open
C4107: B3A01 | D4107: A/C Refrigerant Distribution Valve Actuator "C" Control Circuit/Open
C4108: B3A02 | D4108: A/C Refrigerant Distribution Valve Actuator "C" Control Circuit Low
C4109: B3A03 | D4109: A/C Refrigerant Distribution Valve Actuator "C" Control Circuit High
C4110: B3A04 | D4110: A/C Refrigerant Distribution Valve "C" Control Circuit Driver Current/Temperature Too High
C4111: B3A05 | D4111: A/C Refrigerant Distribution Valve Actuator "D" Stuck/Open
C4112: B3A06 | D4112: A/C Refrigerant Distribution Valve Actuator "D" Control Circuit/Open
C4113: B3A07 | D4113: A/C Refrigerant Distribution Valve Actuator "D" Control Circuit Low
C4114: B3A08 | D4114: A/C Refrigerant Distribution Valve Actuator "D" Control Circuit High
C4115: B3A09 | D4115: A/C Refrigerant Distribution Valve "D" Control Circuit Driver Current/Temperature Too High
C4116: B3A0A | D4116: A/C Refrigerant Expansion Valve Actuator Stuck/Open
C4117: B3A0B | D4117: A/C Refrigerant Expansion Valve Actuator Control Circuit/Open
C4118: B3A0C | D4118: A/C Refrigerant Expansion Valve Actuator Control Circuit Low
... C4361: B3AFF | D4361: Table B3B00-B3FFF ISO/SAE Reserved
A4362: Table | C4362: B3B00-B3FFF | D4362: B3B00-B3FFF ISO/SAE Reserved
B4363: 3B00 | C4363: B3B00

Sheet C0000-C3FFF
A1: Type | B1: Abs# | C1: Number | D1: 3 byte DTC using DTC Format Identifier 0x00 -OR- 3 byte DTC using DTC Format Identifier 0x04 | E1: Location | F1: Note | G1: Comment | H1: ="Reserved"&" "&COUNTIF(D:D, "ISO/SAE Reserved") -> Reserved 3619
A2: Table | C2: C0X | D2: Table C0X
B3: 0 | C3: C0000 | D3: ISO/SAE Reserved
B4: 1 | C4: C0001 | D4: TCS Control Channel "A" Valve 1
B5: 2 | C5: C0002 | D5: TCS Control Channel "A" Valve 2
B6: 3 | C6: C0003 | D6: TCS Control Channel "B" Valve 1
B7: 4 | C7: C0004 | D7: TCS Control Channel "B" Valve 2
B8: 5 | C8: C0005 | D8: ISO/SAE Reserved
B9: 6 | C9: C0006 | D9: ISO/SAE Reserved
B10: 7 | C10: C0007 | D10: ISO/SAE Reserved
B11: 8 | C11: C0008 | D11: ISO/SAE Reserved
B12: 9 | C12: C0009 | D12: ISO/SAE Reserved
B13: A | C13: C000A | D13: ISO/SAE Reserved
B14: B | C14: C000B | D14: ISO/SAE Reserved
... B4098: FFF | C4098: C0FFF | D4098: ISO/SAE Reserved
A4099: Table | C4099: C1XXX | D4099: Table C1XXX Manufacturer Controlled DTC
B4100: 1000 | C4100: C1000 | D4100: Manufacturer Controlled DTC
A4101: Table | C4101: C2XXX | D4101: Table C2XXX Manufacturer Controlled DTC
B4102: 2000 | C4102: C2000 | D4102: Manufacturer Controlled DTC
A4103: Table | C4103: C3XXX | D4103: Table C3XXX ISO/SAE Reserved
B4104: 3000 | C4104: C3000 | D4104: ISO/SAE Reserved

Sheet U0000-U3FFF
A1: Type | B1: Abs# | C1: Number | D1: 2 byte DTC -OR- 3 byte DTC using DTC Format Identifier 0x00 | E1: Location | F1: Note | G1: To convert to format 0x04, use the following DTC #: | H1: 3 byte DTC using DTC Format Identifier 0x04 | I1: FTB (hex) | J1: FTB Description
A2: Table | C2: U00 | D2: Table U00 | G2: ---- | H2: =D2 -> Table U00 | I2: ---- | J2: ----
B3: 0 | C3: U0000 | D3: ISO/SAE Reserved | G3: ISO/SAE Reserved | H3: ISO/SAE Reserved | I3: ISO/SAE Reserved | J3: ISO/SAE Reserved
B4: 1 | C4: U0001 | D4: High Speed CAN Communication Bus | G4: U0001 | H4: High Speed CAN Communication Bus | I4: 0 | J4: =VLOOKUP(I4,FTB.Sub.Types!$A$2:$B$257,2) -> No Sub Type Information
B5: 2 | C5: U0002 | D5: High Speed CAN Communication Bus Performance | G5: U0001 | H5: SAE Reserved - Previously Defined for 2-Byte DTCs | I5: 92 | J5: =VLOOKUP(I5,FTB.Sub.Types!$A$2:$B$257,2) -> Performance or Incorrect Operation
B6: 3 | C6: U0003 | D6: High Speed CAN Communication Bus (+) Open | G6: U0003 | H6: High Speed CAN Communication Bus (+) | I6: 13 | J6: =VLOOKUP(I6,FTB.Sub.Types!$A$2:$B$258,2) -> Circuit Open
B7: 4 | C7: U0004 | D7: High Speed CAN Communication Bus (+) Low | G7: U0003 | H7: SAE Reserved - Previously Defined for 2-Byte DTCs | I7: 11 | J7: =VLOOKUP(I7,FTB.Sub.Types!$A$2:$B$258,2) -> Circuit Short To Ground
B8: 5 | C8: U0005 | D8: High Speed CAN Communication Bus (+) High | G8: U0003 | H8: SAE Reserved - Previously Defined for 2-Byte DTCs | I8: 12 | J8: =VLOOKUP(I8,FTB.Sub.Types!$A$2:$B$258,2) -> Circuit Short To Battery
B9: 6 | C9: U0006 | D9: High Speed CAN Communication Bus (-) Open | G9: U0006 | H9: High Speed CAN Communication Bus (–) | I9: 13 | J9: =VLOOKUP(I9,FTB.Sub.Types!$A$2:$B$258,2) -> Circuit Open
B10: 7 | C10: U0007 | D10: High Speed CAN Communication Bus (-) Low | G10: U0006 | H10: SAE Reserved - Previously Defined for 2-Byte DTCs | I10: 11 | J10: =VLOOKUP(I10,FTB.Sub.Types!$A$2:$B$258,2) -> Circuit Short To Ground
B11: 8 | C11: U0008 | D11: High Speed CAN Communication Bus (-) High | G11: U0006 | H11: SAE Reserved - Previously Defined for 2-Byte DTCs | I11: 12 | J11: =VLOOKUP(I11,FTB.Sub.Types!$A$2:$B$258,2) -> Circuit Short To Battery
B12: 9 | C12: U0009 | D12: High Speed CAN Communication Bus (-) shorted to Bus (+) | G12: U0001 | H12: SAE Reserved - Previously Defined for 2-Byte DTCs | I12: 2B | J12: =VLOOKUP(I12,FTB.Sub.Types!$A$2:$B$258,2) -> Signal Cross Coupled
B13: A | C13: U000A | D13: ISO/SAE Reserved | G13: ISO/SAE Reserved | H13: ISO/SAE Reserved | I13: ISO/SAE Reserved | J13: =VLOOKUP(I13,FTB.Sub.Types!$A$2:$B$258,2) -> ISO/SAE Reserved
B14: B | C14: U000B | D14: ISO/SAE Reserved | G14: ISO/SAE Reserved | H14: ISO/SAE Reserved | I14: ISO/SAE Reserved | J14: =VLOOKUP(I14,FTB.Sub.Types!$A$2:$B$258,2) -> ISO/SAE Reserved
B15: C | C15: U000C | D15: ISO/SAE Reserved | G15: ISO/SAE Reserved | H15: ISO/SAE Reserved | I15: ISO/SAE Reserved | J15: =VLOOKUP(I15,FTB.Sub.Types!$A$2:$B$258,2) -> ISO/SAE Reserved
B16: D | C16: U000D | D16: ISO/SAE Reserved | G16: ISO/SAE Reserved | H16: ISO/SAE Reserved | I16: ISO/SAE Reserved | J16: =VLOOKUP(I16,FTB.Sub.Types!$A$2:$B$258,2) -> ISO/SAE Reserved
B17: E | C17: U000E | D17: ISO/SAE Reserved | G17: ISO/SAE Reserved | H17: ISO/SAE Reserved | I17: ISO/SAE Reserved | J17: =VLOOKUP(I17,FTB.Sub.Types!$A$2:$B$258,2) -> ISO/SAE Reserved
B18: F | C18: U000F | D18: ISO/SAE Reserved | G18: ISO/SAE Reserved | H18: ISO/SAE Reserved | I18: ISO/SAE Reserved | J18: =VLOOKUP(I18,FTB.Sub.Types!$A$2:$B$258,2) -> ISO/SAE Reserved
B19: 10 | C19: U0010 | D19: Medium Speed CAN Communication Bus | G19: U0010 | H19: Medium Speed CAN Communication Bus | I19: 0 | J19: =VLOOKUP(I19,FTB.Sub.Types!$A$2:$B$258,2) -> No Sub Type Information
B20: 11 | C20: U0011 | D20: Medium Speed CAN Communication Bus Performance | G20: U0010 | H20: SAE Reserved - Previously Defined for 2-Byte DTCs | I20: 92 | J20: =VLOOKUP(I20,FTB.Sub.Types!$A$2:$B$258,2) -> Performance or Incorrect Operation
B21: 12 | C21: U0012 | D21: Medium Speed CAN Communication Bus (+) Open | G21: U0012 | H21: Medium Speed CAN Communication Bus (+) | I21: 13 | J21: =VLOOKUP(I21,FTB.Sub.Types!$A$2:$B$258,2) -> Circuit Open
B22: 13 | C22: U0013 | D22: Medium Speed CAN Communication Bus (+) Low | G22: U0012 | H22: SAE Reserved - Previously Defined for 2-Byte DTCs | I22: 11 | J22: =VLOOKUP(I22,FTB.Sub.Types!$A$2:$B$258,2) -> Circuit Short To Ground
B23: 14 | C23: U0014 | D23: Medium Speed CAN Communication Bus (+) High | G23: U0012 | H23: SAE Reserved - Previously Defined for 2-Byte DTCs | I23: 12 | J23: =VLOOKUP(I23,FTB.Sub.Types!$A$2:$B$258,2) -> Circuit Short To Battery
B24: 15 | C24: U0015 | D24: Medium Speed CAN Communication Bus (-) Open | G24: U0015 | H24: Medium Speed CAN Communication Bus (–) | I24: 13 | J24: =VLOOKUP(I24,FTB.Sub.Types!$A$2:$B$258,2) -> Circuit Open
B25: 16 | C25: U0016 | D25: Medium Speed CAN Communication Bus (-) Low | G25: U0015 | H25: SAE Reserved - Previously Defined for 2-Byte DTCs | I25: 11 | J25: =VLOOKUP(I25,FTB.Sub.Types!$A$2:$B$258,2) -> Circuit Short To Ground
B26: 17 | C26: U0017 | D26: Medium Speed CAN Communication Bus (-) High | G26: U0015 | H26: SAE Reserved - Previously Defined for 2-Byte DTCs | I26: 12 | J26: =VLOOKUP(I26,FTB.Sub.Types!$A$2:$B$258,2) -> Circuit Short To Battery
B27: 18 | C27: U0018 | D27: Medium Speed CAN Communication Bus (-) shorted to Bus (+) | G27: U0010 | H27: SAE Reserved - Previously Defined for 2-Byte DTCs | I27: 2B | J27: =VLOOKUP(I27,FTB.Sub.Types!$A$2:$B$258,2) -> Signal Cross Coupled
B28: 19 | C28: U0019 | D28: Low Speed CAN Communication Bus | G28: U0019 | H28: Low Speed CAN Communication Bus | I28: 0 | J28: =VLOOKUP(I28,FTB.Sub.Types!$A$2:$B$258,2) -> No Sub Type Information
B29: 1A | C29: U001A | D29: ISO/SAE Reserved | G29: ISO/SAE Reserved | H29: ISO/SAE Reserved | I29: ISO/SAE Reserved | J29: =VLOOKUP(I29,FTB.Sub.Types!$A$2:$B$258,2) -> ISO/SAE Reserved
B30: 1B | C30: U001B | D30: ISO/SAE Reserved | G30: ISO/SAE Reserved | H30: ISO/SAE Reserved | I30: ISO/SAE Reserved | J30: =VLOOKUP(I30,FTB.Sub.Types!$A$2:$B$258,2) -> ISO/SAE Reserved
B31: 1C | C31: U001C | D31: ISO/SAE Reserved | G31: ISO/SAE Reserved | H31: ISO/SAE Reserved | I31: ISO/SAE Reserved | J31: =VLOOKUP(I31,FTB.Sub.Types!$A$2:$B$258,2) -> ISO/SAE Reserved
B32: 1D | C32: U001D | D32: ISO/SAE Reserved | G32: ISO/SAE Reserved | H32: ISO/SAE Reserved | I32: ISO/SAE Reserved | J32: =VLOOKUP(I32,FTB.Sub.Types!$A$2:$B$258,2) -> ISO/SAE Reserved
B33: 1E | C33: U001E | D33: ISO/SAE Reserved | G33: ISO/SAE Reserved | H33: ISO/SAE Reserved | I33: ISO/SAE Reserved | J33: =VLOOKUP(I33,FTB.Sub.Types!$A$2:$B$258,2) -> ISO/SAE Reserved
B34: 1F | C34: U001F | D34: ISO/SAE Reserved | G34: ISO/SAE Reserved | H34: ISO/SAE Reserved | I34: ISO/SAE Reserved | J34: =VLOOKUP(I34,FTB.Sub.Types!$A$2:$B$258,2) -> ISO/SAE Reserved
B35: 20 | C35: U0020 | D35: Low Speed CAN Communication Bus Performance | G35: U0019 | H35: SAE Reserved - Previously Defined for 2-Byte DTCs | I35: 92 | J35: =VLOOKUP(I35,FTB.Sub.Types!$A$2:$B$258,2) -> Performance or Incorrect Operation
B36: 21 | C36: U0021 | D36: Low Speed CAN Communication Bus (+) Open | G36: U0021 | H36: Low Speed CAN Communication Bus (+) | I36: 13 | J36: =VLOOKUP(I36,FTB.Sub.Types!$A$2:$B$258,2) -> Circuit Open
B37: 22 | C37: U0022 | D37: Low Speed CAN Communication Bus (+) Low | G37: U0021 | H37: SAE Reserved - Previously Defined for 2-Byte DTCs | I37: 11 | J37: =VLOOKUP(I37,FTB.Sub.Types!$A$2:$B$258,2) -> Circuit Short To Ground
B38: 23 | C38: U0023 | D38: Low Speed CAN Communication Bus (+) High | G38: U0021 | H38: SAE Reserved - Previously Defined for 2-Byte DTCs | I38: 12 | J38: =VLOOKUP(I38,FTB.Sub.Types!$A$2:$B$258,2) -> Circuit Short To Battery
B39: 24 | C39: U0024 | D39: Low Speed CAN Communication Bus (-) Open | G39: U0024 | H39: Low Speed CAN Communication Bus (–) | I39: 13 | J39: =VLOOKUP(I39,FTB.Sub.Types!$A$2:$B$258,2) -> Circuit Open
B40: 25 | C40: U0025 | D40: Low Speed CAN Communication Bus (-) Low | G40: U0024 | H40: SAE Reserved - Previously Defined for 2-Byte DTCs | I40: 11 | J40: =VLOOKUP(I40,FTB.Sub.Types!$A$2:$B$258,2) -> Circuit Short To Ground
B41: 26 | C41: U0026 | D41: Low Speed CAN Communication Bus (-) High | G41: U0024 | H41: SAE Reserved - Previously Defined for 2-Byte DTCs | I41: 12 | J41: =VLOOKUP(I41,FTB.Sub.Types!$A$2:$B$258,2) -> Circuit Short To Battery
B42: 27 | C42: U0027 | D42: Low Speed CAN Communication Bus (-) shorted to Bus (+) | G42: U0019 | H42: SAE Reserved - Previously Defined for 2-Byte DTCs | I42: 2B | J42: =VLOOKUP(I42,FTB.Sub.Types!$A$2:$B$258,2) -> Signal Cross Coupled
B43: 28 | C43: U0028 | D43: Vehicle Communication Bus A | G43: U0028 | H43: Vehicle Communication Bus A | I43: 0 | J43: =VLOOKUP(I43,FTB.Sub.Types!$A$2:$B$258,2) -> No Sub Type Information
B44: 29 | C44: U0029 | D44: Vehicle Communication Bus A Performance | G44: U0028 | H44: SAE Reserved - Previously Defined for 2-Byte DTCs | I44: 92 | J44: =VLOOKUP(I44,FTB.Sub.Types!$A$2:$B$258,2) -> Performance or Incorrect Operation
B45: 2A | C45: U002A | D45: ISO/SAE Reserved | G45: ISO/SAE Reserved | H45: ISO/SAE Reserved | I45: ISO/SAE Reserved | J45: =VLOOKUP(I45,FTB.Sub.Types!$A$2:$B$258,2) -> ISO/SAE Reserved
B46: 2B | C46: U002B | D46: ISO/SAE Reserved | G46: ISO/SAE Reserved | H46: ISO/SAE Reserved | I46: ISO/SAE Reserved | J46: =VLOOKUP(I46,FTB.Sub.Types!$A$2:$B$258,2) -> ISO/SAE Reserved
B47: 2C | C47: U002C | D47: ISO/SAE Reserved | G47: ISO/SAE Reserved | H47: ISO/SAE Reserved | I47: ISO/SAE Reserved | J47: =VLOOKUP(I47,FTB.Sub.Types!$A$2:$B$258,2) -> ISO/SAE Reserved
B48: 2D | C48: U002D | D48: ISO/SAE Reserved | G48: ISO/SAE Reserved | H48: ISO/SAE Reserved | I48: ISO/SAE Reserved | J48: =VLOOKUP(I48,FTB.Sub.Types!$A$2:$B$258,2) -> ISO/SAE Reserved
B49: 2E | C49: U002E | D49: ISO/SAE Reserved | G49: ISO/SAE Reserved | H49: ISO/SAE Reserved | I49: ISO/SAE Reserved | J49: =VLOOKUP(I49,FTB.Sub.Types!$A$2:$B$258,2) -> ISO/SAE Reserved
B50: 2F | C50: U002F | D50: ISO/SAE Reserved | G50: ISO/SAE Reserved | H50: ISO/SAE Reserved | I50: ISO/SAE Reserved | J50: =VLOOKUP(I50,FTB.Sub.Types!$A$2:$B$258,2) -> ISO/SAE Reserved
B51: 30 | C51: U0030 | D51: Vehicle Communication Bus A (+) Open | G51: U0030 | H51: Vehicle Communication Bus A (+) | I51: 13 | J51: =VLOOKUP(I51,FTB.Sub.Types!$A$2:$B$258,2) -> Circuit Open
B52: 31 | C52: U0031 | D52: Vehicle Communication Bus A (+) Low | G52: U0030 | H52: SAE Reserved - Previously Defined for 2-Byte DTCs | I52: 11 | J52: =VLOOKUP(I52,FTB.Sub.Types!$A$2:$B$258,2) -> Circuit Short To Ground
B53: 32 | C53: U0032 | D53: Vehicle Communication Bus A (+) High | G53: U0030 | H53: SAE Reserved - Previously Defined for 2-Byte DTCs | I53: 12 | J53: =VLOOKUP(I53,FTB.Sub.Types!$A$2:$B$258,2) -> Circuit Short To Battery
B54: 33 | C54: U0033 | D54: Vehicle Communication Bus A (-) Open | G54: U0033 | H54: Vehicle Communication Bus A (–) | I54: 13 | J54: =VLOOKUP(I54,FTB.Sub.Types!$A$2:$B$258,2) -> Circuit Open
B55: 34 | C55: U0034 | D55: Vehicle Communication Bus A (-) Low | G55: U0033 | H55: SAE Reserved - Previously Defined for 2-Byte DTCs | I55: 11 | J55: =VLOOKUP(I55,FTB.Sub.Types!$A$2:$B$258,2) -> Circuit Short To Ground
B56: 35 | C56: U0035 | D56: Vehicle Communication Bus A (-) High | G56: U0033 | H56: SAE Reserved - Previously Defined for 2-Byte DTCs | I56: 12 | J56: =VLOOKUP(I56,FTB.Sub.Types!$A$2:$B$258,2) -> Circuit Short To Battery
B57: 36 | C57: U0036 | D57: Vehicle Communication Bus A (-) shorted to Bus A (+) | G57: U0028 | H57: SAE Reserved - Previously Defined for 2-Byte DTCs | I57: 2B | J57: =VLOOKUP(I57,FTB.Sub.Types!$A$2:$B$258,2) -> Signal Cross Coupled
B58: 37 | C58: U0037 | D58: Vehicle Communication Bus B | G58: U0037 | H58: Vehicle Communication Bus B | I58: 0 | J58: =VLOOKUP(I58,FTB.Sub.Types!$A$2:$B$258,2) -> No Sub Type Information
B59: 38 | C59: U0038 | D59: Vehicle Communication Bus B Performance | G59: U0037 | H59: SAE Reserved - Previously Defined for 2-Byte DTCs | I59: 92 | J59: =VLOOKUP(I59,FTB.Sub.Types!$A$2:$B$258,2) -> Performance or Incorrect Operation
B60: 39 | C60: U0039 | D60: Vehicle Communication Bus B (+) Open | G60: U0039 | H60: Vehicle Communication Bus B (+) | I60: 13 | J60: =VLOOKUP(I60,FTB.Sub.Types!$A$2:$B$258,2) -> Circuit Open
B61: 3A | C61: U003A | D61: ISO/SAE Reserved | G61: ISO/SAE Reserved | H61: ISO/SAE Reserved | I61: ISO/SAE Reserved | J61: =VLOOKUP(I61,FTB.Sub.Types!$A$2:$B$258,2) -> ISO/SAE Reserved
B62: 3B | C62: U003B | D62: ISO/SAE Reserved | G62: ISO/SAE Reserved | H62: ISO/SAE Reserved | I62: ISO/SAE Reserved | J62: =VLOOKUP(I62,FTB.Sub.Types!$A$2:$B$258,2) -> ISO/SAE Reserved
B63: 3C | C63: U003C | D63: ISO/SAE Reserved | G63: ISO/SAE Reserved | H63: ISO/SAE Reserved | I63: ISO/SAE Reserved | J63: =VLOOKUP(I63,FTB.Sub.Types!$A$2:$B$258,2) -> ISO/SAE Reserved
B64: 3D | C64: U003D | D64: ISO/SAE Reserved | G64: ISO/SAE Reserved | H64: ISO/SAE Reserved | I64: ISO/SAE Reserved | J64: =VLOOKUP(I64,FTB.Sub.Types!$A$2:$B$258,2) -> ISO/SAE Reserved
B65: 3E | C65: U003E | D65: ISO/SAE Reserved | G65: ISO/SAE Reserved | H65: ISO/SAE Reserved | I65: ISO/SAE Reserved | J65: =VLOOKUP(I65,FTB.Sub.Types!$A$2:$B$258,2) -> ISO/SAE Reserved
B66: 3F | C66: U003F | D66: ISO/SAE Reserved | G66: ISO/SAE Reserved | H66: ISO/SAE Reserved | I66: ISO/SAE Reserved | J66: =VLOOKUP(I66,FTB.Sub.Types!$A$2:$B$258,2) -> ISO/SAE Reserved
B67: 40 | C67: U0040 | D67: Vehicle Communication Bus B (+) Low | G67: U0039 | H67: SAE Reserved - Previously Defined for 2-Byte DTCs | I67: 11 | J67: =VLOOKUP(I67,FTB.Sub.Types!$A$2:$B$258,2) -> Circuit Short To Ground
B68: 41 | C68: U0041 | D68: Vehicle Communication Bus B (+) High | G68: U0039 | H68: SAE Reserved - Previously Defined for 2-Byte DTCs | I68: 12 | J68: =VLOOKUP(I68,FTB.Sub.Types!$A$2:$B$258,2) -> Circuit Short To Battery
B69: 42 | C69: U0042 | D69: Vehicle Communication Bus B (-) Open | G69: U0042 | H69: Vehicle Communication Bus B (–) | I69: 13 | J69: =VLOOKUP(I69,FTB.Sub.Types!$A$2:$B$258,2) -> Circuit Open
B70: 43 | C70: U0043 | D70: Vehicle Communication Bus B (-) Low | G70: U0042 | H70: SAE Reserved - Previously Defined for 2-Byte DTCs | I70: 11 | J70: =VLOOKUP(I70,FTB.Sub.Types!$A$2:$B$258,2) -> Circuit Short To Ground
B71: 44 | C71: U0044 | D71: Vehicle Communication Bus B (-) High | G71: U0042 | H71: SAE Reserved - Previously Defined for 2-Byte DTCs | I71: 12 | J71: =VLOOKUP(I71,FTB.Sub.Types!$A$2:$B$258,2) -> Circuit Short To Battery
B72: 45 | C72: U0045 | D72: Vehicle Communication Bus B (-) shorted to Bus B (+) | G72: U0037 | H72: SAE Reserved - Previously Defined for 2-Byte DTCs | I72: 2B | J72: =VLOOKUP(I72,FTB.Sub.Types!$A$2:$B$258,2) -> Signal Cross Coupled
B73: 46 | C73: U0046 | D73: Vehicle Communication Bus C | G73: U0046 | H73: Vehicle Communication Bus C | I73: 0 | J73: =VLOOKUP(I73,FTB.Sub.Types!$A$2:$B$258,2) -> No Sub Type Information
B74: 47 | C74: U0047 | D74: Vehicle Communication Bus C Performance | G74: U0046 | H74: SAE Reserved - Previously Defined for 2-Byte DTCs | I74: 92 | J74: =VLOOKUP(I74,FTB.Sub.Types!$A$2:$B$258,2) -> Performance or Incorrect Operation
B75: 48 | C75: U0048 | D75: Vehicle Communication Bus C (+) Open | G75: U0048 | H75: Vehicle Communication Bus C (+) | I75: 13 | J75: =VLOOKUP(I75,FTB.Sub.Types!$A$2:$B$258,2) -> Circuit Open
B76: 49 | C76: U0049 | D76: Vehicle Communication Bus C (+) Low | G76: U0048 | H76: SAE Reserved - Previously Defined for 2-Byte DTCs | I76: 11 | J76: =VLOOKUP(I76,FTB.Sub.Types!$A$2:$B$258,2) -> Circuit Short To Ground
B77: 4A | C77: U004A | D77: ISO/SAE Reserved | G77: ISO/SAE Reserved | H77: ISO/SAE Reserved | I77: ISO/SAE Reserved | J77: =VLOOKUP(I77,FTB.Sub.Types!$A$2:$B$258,2) -> ISO/SAE Reserved
B78: 4B | C78: U004B | D78: ISO/SAE Reserved | G78: ISO/SAE Reserved | H78: ISO/SAE Reserved | I78: ISO/SAE Reserved | J78: =VLOOKUP(I78,FTB.Sub.Types!$A$2:$B$258,2) -> ISO/SAE Reserved
B79: 4C | C79: U004C | D79: ISO/SAE Reserved | G79: ISO/SAE Reserved | H79: ISO/SAE Reserved | I79: ISO/SAE Reserved | J79: =VLOOKUP(I79,FTB.Sub.Types!$A$2:$B$258,2) -> ISO/SAE Reserved
B80: 4D | C80: U004D | D80: ISO/SAE Reserved | G80: ISO/SAE Reserved | H80: ISO/SAE Reserved | I80: ISO/SAE Reserved | J80: =VLOOKUP(I80,FTB.Sub.Types!$A$2:$B$258,2) -> ISO/SAE Reserved
B81: 4E | C81: U004E | D81: ISO/SAE Reserved | G81: ISO/SAE Reserved | H81: ISO/SAE Reserved | I81: ISO/SAE Reserved | J81: =VLOOKUP(I81,FTB.Sub.Types!$A$2:$B$258,2) -> ISO/SAE Reserved
B82: 4F | C82: U004F | D82: ISO/SAE Reserved | G82: ISO/SAE Reserved | H82: ISO/SAE Reserved | I82: ISO/SAE Reserved | J82: =VLOOKUP(I82,FTB.Sub.Types!$A$2:$B$258,2) -> ISO/SAE Reserved
B83: 50 | C83: U0050 | D83: Vehicle Communication Bus C (+) High | G83: U0048 | H83: SAE Reserved - Previously Defined for 2-Byte DTCs | I83: 12 | J83: =VLOOKUP(I83,FTB.Sub.Types!$A$2:$B$258,2) -> Circuit Short To Battery
B84: 51 | C84: U0051 | D84: Vehicle Communication Bus C (-) Open | G84: U0051 | H84: Vehicle Communication Bus C (–) | I84: 13 | J84: =VLOOKUP(I84,FTB.Sub.Types!$A$2:$B$258,2) -> Circuit Open
B85: 52 | C85: U0052 | D85: Vehicle Communication Bus C (-) Low | G85: U0051 | H85: SAE Reserved - Previously Defined for 2-Byte DTCs | I85: 11 | J85: =VLOOKUP(I85,FTB.Sub.Types!$A$2:$B$258,2) -> Circuit Short To Ground
B86: 53 | C86: U0053 | D86: Vehicle Communication Bus C (-) High | G86: U0051 | H86: SAE Reserved - Previously Defined for 2-Byte DTCs | I86: 12 | J86: =VLOOKUP(I86,FTB.Sub.Types!$A$2:$B$258,2) -> Circuit Short To Battery
B87: 54 | C87: U0054 | D87: Vehicle Communication Bus C (-) shorted to Bus C (+) | G87: U0046 | H87: SAE Reserved - Previously Defined for 2-Byte DTCs | I87: 2B | J87: =VLOOKUP(I87,FTB.Sub.Types!$A$2:$B$258,2) -> Signal Cross Coupled
B88: 55 | C88: U0055 | D88: Vehicle Communication Bus D | G88: U0055 | H88: Vehicle Communication Bus D | I88: 0 | J88: =VLOOKUP(I88,FTB.Sub.Types!$A$2:$B$258,2) -> No Sub Type Information
B89: 56 | C89: U0056 | D89: Vehicle Communication Bus D Performance | G89: U0055 | H89: SAE Reserved - Previously Defined for 2-Byte DTCs | I89: 92 | J89: =VLOOKUP(I89,FTB.Sub.Types!$A$2:$B$258,2) -> Performance or Incorrect Operation
B90: 57 | C90: U0057 | D90: Vehicle Communication Bus D (+) Open | G90: U0057 | H90: Vehicle Communication Bus D (+) | I90: 13 | J90: =VLOOKUP(I90,FTB.Sub.Types!$A$2:$B$258,2) -> Circuit Open
B91: 58 | C91: U0058 | D91: Vehicle Communication Bus D (+) Low | G91: U0057 | H91: SAE Reserved - Previously Defined for 2-Byte DTCs | I91: 11 | J91: =VLOOKUP(I91,FTB.Sub.Types!$A$2:$B$258,2) -> Circuit Short To Ground
B92: 59 | C92: U0059 | D92: Vehicle Communication Bus D (+) High | G92: U0057 | H92: SAE Reserved - Previously Defined for 2-Byte DTCs | I92: 12 | J92: =VLOOKUP(I92,FTB.Sub.Types!$A$2:$B$258,2) -> Circuit Short To Battery
B93: 5A | C93: U005A | D93: ISO/SAE Reserved | G93: ISO/SAE Reserved | H93: ISO/SAE Reserved | I93: ISO/SAE Reserved | J93: =VLOOKUP(I93,FTB.Sub.Types!$A$2:$B$258,2) -> ISO/SAE Reserved
B94: 5B | C94: U005B | D94: ISO/SAE Reserved | G94: ISO/SAE Reserved | H94: ISO/SAE Reserved | I94: ISO/SAE Reserved | J94: =VLOOKUP(I94,FTB.Sub.Types!$A$2:$B$258,2) -> ISO/SAE Reserved
B95: 5C | C95: U005C | D95: ISO/SAE Reserved | G95: ISO/SAE Reserved | H95: ISO/SAE Reserved | I95: ISO/SAE Reserved | J95: =VLOOKUP(I95,FTB.Sub.Types!$A$2:$B$258,2) -> ISO/SAE Reserved
B96: 5D | C96: U005D | D96: ISO/SAE Reserved | G96: ISO/SAE Reserved | H96: ISO/SAE Reserved | I96: ISO/SAE Reserved | J96: =VLOOKUP(I96,FTB.Sub.Types!$A$2:$B$258,2) -> ISO/SAE Reserved
B97: 5E | C97: U005E | D97: ISO/SAE Reserved | G97: ISO/SAE Reserved | H97: ISO/SAE Reserved | I97: ISO/SAE Reserved | J97: =VLOOKUP(I97,FTB.Sub.Types!$A$2:$B$258,2) -> ISO/SAE Reserved
B98: 5F | C98: U005F | D98: ISO/SAE Reserved | G98: ISO/SAE Reserved | H98: ISO/SAE Reserved | I98: ISO/SAE Reserved | J98: =VLOOKUP(I98,FTB.Sub.Types!$A$2:$B$258,2) -> ISO/SAE Reserved
B99: 60 | C99: U0060 | D99: Vehicle Communication Bus D (-) Open | G99: U0060 | H99: Vehicle Communication Bus D (–) | I99: 13 | J99: =VLOOKUP(I99,FTB.Sub.Types!$A$2:$B$258,2) -> Circuit Open
B100: 61 | C100: U0061 | D100: Vehicle Communication Bus D (-) Low | G100: U0060 | H100: SAE Reserved - Previously Defined for 2-Byte DTCs | I100: 11 | J100: =VLOOKUP(I100,FTB.Sub.Types!$A$2:$B$258,2) -> Circuit Short To Ground
...

Sheet Notes
A1: Note | B1: Note Text
A2: 1 | B2: For DTCs P0540 - P0543 also see P2604 - P2609
A3: 2 | B3: For DTCs P0578 - P0581 also see P0564
A4: 3 | B4: DTCs P2141 - P2142 should be used with P0487 - P0488
A5: 4 | B5: P2231 - P2236, This diagnostic is for the sensors (both wide band and switching) that have a PWM controlled heater. If the heater shorts to the signal circuit, the control module can determine this since the signal circuit will be shorted high at the same frequency that the heaters are operating at.
A6: 5 | B6: P2237 - P2256, These are the diagnostics for the primary circuits of the wide band oxygen sensors.
A7: 6 | B7: For DTCs P2505 - P2509 also see P0685
A8: 7 | B8: For DTCs P2604 - P2609 also see P0540 - P0543
A9: 8 | B9: For DTCs P2088 - P2095 also see P0010 - P0023
A10: 9 | B10: For Throttle Actuator Control DTCs also see P0638 - P0639
A11: a | B11: The "A" camshaft shall be either the "intake," "left," or "front" camshaft. Left/Right and Front/Rear are determined as if viewed from the driver's seating position. Bank 1 contains cylinder number one, Bank 2 is the opposite bank. Manufacturers must use alternative definitions for “A” and “B” consistently across their entire product line.
A12: b | B12: The "B" camshaft shall be either the "exhaust," "right," or "rear" camshaft. Left/Right and Front/Rear are determined as if viewed from the driver's seating position. Bank 1 contains cylinder number one, Bank 2 is the opposite bank. Manufacturers must use alternative definitions for “A” and “B” consistently across their entire product line.
A13: c | B13: DTC Application note for Intake Manifold Tuning Valves and Intake Manifold Runner controls: Active controls are used to modify or control airflow within the engine air intake system. These controls may be used to enhance or modify in-cylinder airflow motion (charge motion), modify the airflow dynamics (manifold tuning) within the intake manifold or both. Devices that control charge motion are commonly called Intake Manifold Runner Control, Swirl Control Valve, and Charge Motion Control Valve. The ISO/SAE recommended term for any device that controls charge motion is Intake Manifold Runner Control (IMRC). Devices that control manifold dynamics or manifold tuning are commonly called Intake Manifold Tuning Valve, Long/Short Runner Control and Intake Manifold Communication Control. The SAE recommended term for any device that controls manifold tuning is Intake Manifold Tuning (IMT) Valve.
A14: d | B14: Use P2177 - P2180 for fuel systems with multiple load ranges.
A15: e | B15: The "A" rocker arm actuator shall be either the "intake," "left," or "front" rocker arm actuator. Left/Right and Front/Rear are determined as if viewed from the driver's seating position. Bank 1 contains cylinder number one, Bank 2 is the opposite bank. Where only one rocker arm actuator is used for both conditions "A" and "B", use the DTCs for "A".
A16: f | B16: The "B" rocker arm actuator shall be either the "exhaust," "right," or "rear" rocker arm actuator. Left/Right and Front/Rear are determined as if viewed from the driver's seating position. Bank 1 contains cylinder number one, Bank 2 is the opposite bank. Where only one rocker arm actuator is used for both conditions "A" and "B", use the DTCs for "A".
A17: g | B17: Use P2BA6-P2BAF for NOx Control Exceedance Diagnostic Requirements (Inducement)
A18: h | B18: Typically used with a clutched Fan
A19: i | B19: Throttle/Pedal Position Sensor PIDs The following DTCs are generally assigned to throttle position: P0120 Throttle/Pedal Position Sensor "A" Circuit (J1979 PID $11 Absolute Throttle Position) P0220 Throttle/Pedal Position Sensor/Switch "B" Circuit (J1979 PID $47 Absolute Throttle Position B) P0225 Throttle/Pedal Position Sensor/Switch "C" Circuit (J1979 PID $48 Absolute Throttle Position C) P212A Throttle/Pedal Position Sensor/Switch "G" Circuit (J1979 PID $8D Absolute Throttle Position G) Early implementations used three sensors for redundancy. Later implementations went to two sensors with opposing slopes. “G” was added for a dual throttle body application where A and B were used for throttle body A and C and G were used for throttle body B. The following DTCs are generally assigned to pedal position. Early implementations used three sensors for redundancy. Later implementations went to two sensors with opposing slopes. P2120 Throttle/Pedal Position Sensor/Switch "D" Circuit (J1979 PID $49 Accelerator Pedal Position D) P2125 Throttle/Pedal Position Sensor/Switch "E" Circuit (J1979 PID $4A Accelerator Pedal Position E) P2130 Throttle/Pedal Position Sensor/Switch "F" Circuit (J1979 PID $4B Accelerator Pedal Position F)
A20: j | B20: Smart Device The OBD-II regulations (1968.2) now address requirements for smart devices. “Diagnostic or emission critical” electronic powertrain control unit refers to the engine and transmission control unit(s). For the 2005 and subsequent model years, it also includes any other on-board electronic powertrain control unit that: (1) has primary control over any of the monitors required by sections (e)(1) through (e)(14), (e)(16), (f)(1) through (f)(14), and (f)(16), but does not include circuit or out-of-range fault monitors required by sections (e)(7.2.1)(B), (e)(7.2.2)(B), (e)(7.2.2)(D), (e)(7.2.3)(B), (e)(10.2.2)(A), (f)(5.2.1)(A)(ii), (f)(5.2.1)(B)(ii), (f)(5.2.2)(B), (f)(5.2.4)(B), and (f)(11.2.2)(A); or, (2) except for anti-lock brake system (ABS) control units or stability/traction control units, has primary control over any rationality fault diagnostics or functional check for more than four input components or more than two output components required to be monitored by sections (e)(15.0) and (f)(15); or (3) for 2019 and subsequent model year vehicles, except for anti-lock brake system (ABS) control units or stability/traction control units, is field reprogrammable and has primary control over any rationality fault diagnostic or functional check for any input or output component required to be monitored by sections (e)(15) and (f)(15). For purposes of criteria (1) and (2) above, “primary control” over a monitor means the control unit does any of the following: (a) determines if any enable conditions are satisfied; (b) calculates all or part of the diagnostic decision statistic or metric by which pass or fail decisions are made (e.g., the comparison of a component’s measured or calculated level of performance to a fault threshold); or (c) makes or processes pass or fail decisions (e.g., debounces diagnostic decision statistics or commands MIL illumination or fault code storage). Further, for purposes of criterion (2)(a) above, all glow plugs in an engine shall be considered “one” component in lieu of each glow plug being considered a separate component. For purposes of criteria (1) and (2) above, “input component” and “output component” includes hybrid components required to be monitored in accordance with the requirements under section (e)(15.2.1), (e)(15.2.2), (f)(15.2.1), or (f)(15.2.2) “Smart device” refers to an electronic powertrain component or system that uses a microprocessor or microcontroller and does not meet the criteria to be classified as a “diagnostic or emission critical electronic powertrain control unit.” Devices that control transmissions or battery packs are excluded from this definition. Any component or system externally connected to the smart device shall not be considered part of the smart device unless: (1) It is a subcomponent integral to the function of the smart device; (2) It is permanently attached to the smart device with wires or one-time connectors; and (3) The smart device and subcomponent are designed, manufactured, installed, and serviced (per manufacturer published procedures) as a single component. ….OBD II system shall monitor for malfunction any electronic powertrain component/system not otherwise described in sections (e)(1) through (e)(14) that either provides input to (directly or indirectly) or receives commands from an on-board computer or smart device, and: (1) can affect emissions in excess of the criteria described in section (e)(15.1.2) during any reasonable in-use driving condition, or (2) is used as part of the diagnostic strategy for any other monitored system or component. Each input to or output from a smart device that meets criterion (1) or (2) above shall be monitored pursuant to section (e)(15). Further detection or pinpointing of faults internal to the smart device is not required. If the vehicle compensates or adjusts for deterioration or malfunction of the component/system, manufacturers are subject to the default action requirements of section (d)(2.2.3) or (e)(15.4.4) as applicable. (i) For computer encoded digital inputs: lack of communication from the input to the on-board computer shall be separately detected and store a separate fault code. Separate fault codes are not required for each distinct out-of-range fault. Based on the reg language above, the SAE J2012 committee plans to assign the following standard sets of DTCs for smart input devices: U06xx - Lost Communication With XXX Sensor P0XXX - XXX Sensor Circuit P0XXX - XXX Sensor Circuit Range/Performance P0XXX - XXX Sensor Circuit Low P0XXX - XXX Sensor Circuit High P0XXX - XXX Sensor Circuit Intermittent/Erratic SENT devices communicate sensor data (typically analog voltages) to the main microprocessor using serial data. The microprocessor in these devices also diagnoses sensor faults and communicates that information as well. This provides several advantages over conventional sensors: · Wiring faults can be identified differently from sensor faults in most cases. This helps a service technician identify the root cause of the fault and speeds up the repair. · Devices with multiple SENT sensors need only three wires (power, ground and signal) for all sensors on the device. This reduces weight and wiring complexity while increasing reliability. Sensor faults identified by the SENT device would use the traditional P-codes, e.g. circuit low, circuit high. Service technicians are already familiar wither these codes. SENT micro issues would set a Range/Performance code. These P-codes would indicate, with certainty, that the SENT device needs to be replaced. If communication is lost with the SENT device, the Lost Communication code would be set. Most likely, it means that there is a wiring issue even though it could also mean the SENT device failed and is no longer communicating with the main micro. The service technician would proceed to troubleshoot the wires, but if no wiring fault could be identified, the next action would be to replace the SENT device. Note that if there are three sensors, three Lost Communication codes would be set. Although not desirable, this strategy makes it unnecessary to come up with unique device names for every configuration of sensors and actuators that a manufacturer uses. SENT communication uses CRC errors to identify a communication fault. A CRC fault could be caused either by faulty wiring or by a faulty SENT microprocessor. CRC errors would also set the Lost Communication code. Similar to troubleshooting the Lost Communication code in the previous section, the service technician would proceed to troubleshoot the wires, but if no wiring fault could be identified, the next action would be to replace the SENT device. Although there was discussion of using an “Invalid Data Received from sensor XXX” code, there is no advantage in service as the repair procedure is the same – troubleshoot wires, then replace device. In addition, “Invalid Data“ codes are used to point the service technician to retrieve DTCs from another module. In this case, there is no module to retrieve codes from, so using this DTC would most likely cause confusion for service technicians. The SENT device will send in-range as well as out-of-range sensor values to the main micro. The main micro will use this data to trigger the circuit/out-of-range faults (XXX Sensor Circuit Low and XXX Sensor Circuit High DTCs) and XXX Sensor Circuit Range/Performance and XXX Sensor Circuit Intermittent/Erratic DTCs if applicable. These same values shall be output as J1979 PIDs (if applicable). Failed sensors will report out-of-range (not default) values as required by J1979. Diagnostic Validation testing will be accomplished by unplugging the SENT device and substituting a box that will produce SENT messages that simulate sensors with out of range values. This will test the main micro software’s ability to set the correct DTC for a given sensor fault. The SENT device supplier is responsible for ensuring that the sensor output value on SENT matches the transfer function specified for the sensor/device. The SAE J2012 committee plans to assign the following standard sets of DTCs for smart output devices: U06xx - Lost Communication With XXX actuator P0XXX XXX Actuator Control Circuit/Open P0XXX XXX Actuator Control Circuit Range/Performance P0XXX XXX Actuator Control Circuit Low P0XXX XXX Actuator Control Circuit High Smart actuator devices communicate via a two-way bus, usually CAN or LIN, with the main microprocessor using serial data. These devices may have one or more sensors (position, temperature, etc…) integrated also. The microprocessor in these devices also diagnoses actuator and sensor faults and communicates that information as well. Both actuator and sensor faults identified by the device would use the traditional P-codes, e.g. circuit low, circuit high, control circuit high, etc. Service technicians are already familiar wither these codes. Device micro issues would set a Range/Performance code. These P-codes would indicate that the entire device needs to be replaced. If communication is lost with the device, the Lost Communication code would be set. Most likely, it means that there is a wiring issue even though it could also mean the entire device failed and is no longer communicating with the main micro. The service technician would proceed to troubleshoot the wires, but if no wiring fault could be identified, the next action would be to replace the entire device. Note that if there are three sensors and an actuator, four Lost Communication codes would be set. Although not desirable, this strategy makes it unnecessary to come up with unique device names for every configuration of sensors and actuators that a manufacturer uses. The device will send actuator functional failure information. It will also send in-range as well as out-of-range sensor values to the main micro. The main micro will use this data to trigger the circuit/out-of-range faults (XXX Sensor Circuit Low and XXX Sensor Circuit High DTCs) and XXX Sensor Circuit Range/Performance and XXX Sensor Circuit Intermittent/Erratic DTCs if applicable. It will also use this information to trigger actuator control circuit faults (XXX Actuator Control Circuit/Open, XXX Actuator Control Circuit Low and XXX Actuator Control Circuit High DTCs) and XXX Actuator Range/Performance. These same values shall be output as J1979 PIDs (if applicable). Failed sensors will report out-of-range (not default) values as required by J1979. Diagnostic Validation testing will be accomplished by unplugging the smart device and substituting a box that will produce communication messages that simulate sensors with out of range values and actuator faults. This will test the main micro software’s ability to set the correct DTC for a given sensor fault. The smart device supplier is responsible for ensuring operational values on the communication bus matches the functionality specified for the device.
D3208: Drive Motor "A" Inverter Voltage Too High
D3209: Drive Motor "B" Inverter Voltage Too High

Sheet Smart Devices
A2: Smart Device
A3: The OBD-II regulations (1968.2) now address requirements for smart devices.
A4: “Diagnostic or emission critical” electronic powertrain control unit refers to the engine and transmission control unit(s). For the 2005 and subsequent model years, it also includes any other on-board electronic powertrain control unit that:
A5: (1) has primary control over any of the monitors required by sections (e)(1) through (e)(14), (e)(16), (f)(1) through (f)(14), and (f)(16), but does not include circuit or out-of-range fault monitors required by sections (e)(7.2.1)(B), (e)(7.2.2)(B), (e)(7.2.2)(D), (e)(7.2.3)(B), (e)(10.2.2)(A), (f)(5.2.1)(A)(ii), (f)(5.2.1)(B)(ii), (f)(5.2.2)(B), (f)(5.2.4)(B), and (f)(11.2.2)(A); or,
A6: (2) except for anti-lock brake system (ABS) control units or stability/traction control units, has primary control over any rationality fault diagnostics or functional check for more than four input components or more than two output components required to be monitored by sections (e)(15.0) and (f)(15); or
A7: (3) for 2019 and subsequent model year vehicles, except for anti-lock brake system (ABS) control units or stability/traction control units, is field reprogrammable and has primary control over any rationality fault diagnostic or functional check for any input or output component required to be monitored by sections (e)(15) and (f)(15).
A8: For purposes of criteria (1) and (2) above, “primary control” over a monitor means the control unit does any of the following: (a) determines if any enable conditions are satisfied; (b) calculates all or part of the diagnostic decision statistic or metric by which pass or fail decisions are made (e.g., the comparison of a component’s measured or calculated level of performance to a fault threshold); or (c) makes or processes pass or fail decisions (e.g., debounces diagnostic decision statistics or commands MIL illumination or fault code storage). Further, for purposes of criterion (2)(a) above, all glow plugs in an engine shall be considered “one” component in lieu of each glow plug being considered a separate component. For purposes of criteria (1) and (2) above, “input component” and “output component” includes hybrid components required to be monitored in accordance with the requirements under section (e)(15.2.1), (e)(15.2.2), (f)(15.2.1), or (f)(15.2.2)
A10: “Smart device” refers to an electronic powertrain component or system that uses a microprocessor or microcontroller and does not meet the criteria to be classified as a “diagnostic or emission critical electronic powertrain control unit.” Devices that control transmissions or battery packs are excluded from this definition. Any component or system externally connected to the smart device shall not be considered part of the smart device unless:
A11: (1) It is a subcomponent integral to the function of the smart device;
A12: (2) It is permanently attached to the smart device with wires or one-time connectors; and
A13: (3) The smart device and subcomponent are designed, manufactured, installed, and serviced (per manufacturer published procedures) as a single component.
A14: ….OBD II system shall monitor for malfunction any electronic powertrain component/system not otherwise described in sections (e)(1) through (e)(14) that either provides input to (directly or indirectly) or receives commands from an on-board computer or smart device, and: (1) can affect emissions in excess of the criteria described in section (e)(15.1.2) during any reasonable in-use driving condition, or (2) is used as part of the diagnostic strategy for any other monitored system or component. Each input to or output from a smart device that meets criterion (1) or (2) above shall be monitored pursuant to section (e)(15). Further detection or pinpointing of faults internal to the smart device is not required. If the vehicle compensates or adjusts for deterioration or malfunction of the component/system, manufacturers are subject to the default action requirements of section (d)(2.2.3) or (e)(15.4.4) as applicable.
... A64: Diagnostic Validation testing will be accomplished by unplugging the smart device and substituting a box that will produce communication messages that simulate sensors with out of range values and actuator faults. This will test the main micro software’s ability to set the correct DTC for a given sensor fault. The smart device supplier is responsible for ensuring operational values on the communication bus matches the functionality specified for the device.

Sheet FTB.Intro
A1: Terms and Definitions
A2: Introduction | B2: FTB is defined as the Failure Type Byte in extended DTCs most commonly used in CAN networks. The FTB is used with a base DTC made of two bytes designating the DTC number and B,C,P or U type. The base DTC will not specify a failure type such as an open or short circuit condition. Instead the failure type is specified by the FTB and is reported by an ECU with the base DTC. In effect then a reported DTC is made of the total of the three bytes. This standard leaves the choice of concatenating the information or separating the base DTC from the FTB open in regard to display for tools or information.
A3: DTC Failure Category and Sub Type definition | B3: The DTC Failure Type Byte defines the DTC Failure Category and Sub Type of a base DTC. It represents the type of fault in the circuit or system (e.g. sensor open circuit, sensor shorted to ground, algorithm based failure, etc).
A4: DTC Failure Type Byte parameter definition | B4: The DTC Failure Type consists of sixteen (16) different Failure Categories, where each category is associated with sixteen (16) Sub Type Failures (also known as symptoms). The Sub Type Failures are logically grouped in a DTC Failure Type Category. This shall simplify the selection of the appropriate Sub Type Failure {Symptom} for a DTC. The DTC Failure Category is coded in the High Nibble of the "DTC Failure Type Byte" and the Failure Sub Type is coded in the Low Nibble of the "DTC Failure Type Byte".
A5: DTC Selection | B5: The DTC annexes of SAE J2012 and ISO 15031-6 documents define many two byte DTCs with failure type information. If such a standard DTC is already defined for a component / system and that DTC description already comprehends the DTC Failure Type information, then the standard DTC number can be used and the DTC Failure Type Byte shall be set to a value of 00 hex. A DTC Failure Type Byte value of 00 hex indicates that no additional sub type information is contained in the DTC Failure Type Byte.
D3209: Drive Motor "A" Inverter Voltage Too High
D3210: Drive Motor "B" Inverter Voltage Too High

Sheet FTB.Examples
A1: The following examples show three (3) combinations of DTC and DTC Failure Type Byte, Format Identifiers 0x00 and 0x04.
A2: (012700 hex): P0127 Intake Air Temperature Too High | B2: An emissions related DTC which does not require any additional description included in the DTC Failure Type Byte (no DTC Failure Category name and no DTC Failure Sub Type, format 0x00)
A3: (803901 hex): B0039-01 Second Row Right Frontal Stage 1 Deployment Control - General Electrical Failure | B3: A DTC which requires an additional description included in the DTC Failure Type Byte (DTC Failure Category name and DTC Failure Sub Type $01, format 0x04)
A4: (403123 hex): C0031-23 Left Front Wheel Speed Sensor -General Signal Failure - Signal Stuck Low | B4: A DTC which requires an additional description included in the DTC Failure Type Byte (DTC Failure Category name and DTC Failure Sub Type $23, format 0x04)

Sheet FTB.Categories
A1: Failure Type Byte (hex) | B1: FTB Category | C1: FTB Category Description
A2: 00-0F | B2: General Failure Information | C2: This range includes all other categories and is used when the fault within that failure category is unique (not amenable to standardization through assignment of a new Sub Type) or when the detected fault is best described by two or more Sub Types within that Failure Category.
A3: 10-1F | B3: General Electrical Failures | C3: This range specifies the standard wiring failure modes (i.e., shorts and opens), and direct current (DC) quantities related by Ohm's Law.
A4: 20-2F | B4: General Signal Failures | C4: This range specifies quantities related to amplitude, frequency or rate of change, and wave shape.
A5: 30-3F | B5: FM (Frequency Modulation) / PWM (Pulse Width Modulation) Failures | C5: This range specifies faults related to Frequency Modulated (FM) and Pulse Width Modulated (PWM) inputs and outputs of the control module. This category also includes faults where position is determined by counts.
A6: 40-4F | B6: System Internal Failures | C6: This range specifies faults related to memory, software, and internal electrical circuitry; requiring component (control module, sensor, etc.) replacement.
A7: 50-5F | B7: System Programming Failures | C7: This range specifies faults related to operational software, calibrations, and options; remedied by configuring/programming a part of the system (control module, sensor, etc.).
A8: 60-6F | B8: Algorithm Based Failures | C8: This range specifies faults based on comparing two or more input parameters for plausibility, comparing a single parameter to itself with respect to time., or inhibits operation due to a reported failure of that circuit.
A9: 70-7F | B9: Mechanical Failures | C9: This range specifies faults detected by inappropriate motion in response to control module related input/controlled output.
A10: 80-8F | B10: Bus Signal Failures | C10: This range specifies faults related to bus hardware and signal integrity. This category is also used when the physical input for a signal is located in one control module and another control module diagnoses the circuit.
A11: 90-9F | B11: Component Failures | C11: This range specifies faults related to components connected to or monitored by a control module that do not themselves communicate to a scan tool via the data link connector. This range also specifies non-electrical faults related to components connected to or monitored by a control module.
A12: A0-AF | B12: General Electrical Failures - 2 | C12: This range specifies the standard wiring failure modes (i.e., shorts and opens), and direct current (DC) quantities related by Ohm's Law.
... A17: F0-FF | B17: Vehicle Manufacturer / System Supplier Specific | C17: This range is reserved for vehicle manufacturer/system supplier use.
D3208: Drive Motor "A" Inverter Voltage Too High
D3209: Drive Motor "B" Inverter Voltage Too High

Sheet FTB.Sub.Types
A1: Failure Type Byte (hex) | B1: DTC Sub Type Title | C1: DTC Sub Type Description
A2: 0 | B2: No Sub Type Information | C2: This sub type is used for failures where the base DTC text string provides the complete description of the failure itself (no Category and no Sub Type information used, e.g. emissions-related DTC (012700 hex): P0127 Intake Air Temperature Too High).
A3: 1 | B3: General Electrical Failure | C3: This sub type is used for General Electrical Failures that cannot be assigned to a specific sub type (Category information and no Sub Type information, e.g. DTC (803901): B0039-01 Second Row Right Frontal Stage 1 Deployment Control - General Electrical Failure).
A4: 2 | B4: General Signal Failure | C4: This sub type is used for General Signal Failures that cannot be assigned to a specific sub type (Category information and no Sub Type information, e.g. DTC (403002): C0030 Left Front Tone Wheel - General Signal Failure).
A5: 3 | B5: FM (Frequency Modulated) / PWM (Pulse Width Modulated) Failure | C5: This sub type is used for FM / PWM Failures that cannot be assigned to a specific sub type.
A6: 4 | B6: System Internal Failure | C6: This sub type is used for control module Internal Failures that cannot be assigned to a specific sub type.
A7: 5 | B7: System Programming Failure | C7: This sub type is used for System Programming Failures that cannot be assigned to a specific sub type.
A8: 6 | B8: Algorithm Based Failure | C8: This sub type is used for Algorithm Based Failures that cannot be assigned to a specific sub type.
A9: 7 | B9: Mechanical Failure | C9: This sub type is used for Mechanical Failures that cannot be assigned to a specific sub type.
A10: 8 | B10: Bus Signal / Message Failure | C10: This sub type is used for Bus Signal / Message Failures that cannot be assigned to a specific sub type.
A11: 9 | B11: Component Failure | C11: This sub type is used for Component Failures that cannot be assigned to a specific sub type.
A12: 0A | B12: General Electrical Failures - 2 | C12: This range specifies the standard wiring failure modes (i.e., shorts and opens), and direct current (DC) quantities related by Ohm's Law.
A13: 0B | B13: ISO/SAE Reserved | C13: This value is reserved by the document for future expansion.
A14: 0C | B14: ISO/SAE Reserved | C14: This value is reserved by the document for future expansion.
A15: 0D | B15: ISO/SAE Reserved | C15: This value is reserved by the document for future expansion.
A16: 0E | B16: ISO/SAE Reserved | C16: This value is reserved by the document for future expansion.
A17: 0F | B17: ISO/SAE Reserved | C17: This value is reserved by the document for future expansion.
A18: 10 | B18: ISO/SAE Reserved | C18: This value is reserved by the document for future expansion.
A19: 11 | B19: Circuit Short To Ground | C19: This sub type is used for failures where the control module measures ground (battery negative) potential for greater than a specified time period or when some other value less than the low voltage limit DTC Sub Type is measured.
A20: 12 | B20: Circuit Short To Battery | C20: This sub type is used for failures, where the control module measures vehicle system (battery positive) potential for greater than a specified time period or when some other value higher than the high voltage limit DTC Sub Type is measured.
A21: 13 | B21: Circuit Open | C21: This sub type is used for failures, where the control module determines an open circuit via lack of bias voltage, low current flow, no change in the state of an input in response to an output, etc.
A22: 14 | B22: Circuit Short To Ground or Open | C22: This sub type is used for failures, where the condition detected by the control module is the same for either indicated failure mode.
A23: 15 | B23: Circuit Short To Battery or Open | C23: This sub type is used for failures, where the condition detected by the control module is the same for either indicated failure mode.
A24: 16 | B24: Circuit Voltage Below Threshold | C24: This sub type is used for failures, where the control module measures a voltage below a specified range.
A25: 17 | B25: Circuit Voltage Above Threshold | C25: This sub type is used for failures where, the control module measures a voltage above a specified range.
A26: 18 | B26: Circuit Current Below Threshold | C26: This sub type is used for failures, where the control module measures current flow below a specified range.
A27: 19 | B27: Circuit Current Above Threshold | C27: This sub type is used for failures, where the control module measures current flow above a specified range.
A28: 1A | B28: Circuit Resistance Below Threshold | C28: This sub type is used for failures, where the control module infers a circuit resistance below a specified range.
A29: 1B | B29: Circuit Resistance Above Threshold | C29: This sub type is used for failures, where the control module infers a circuit resistance above a specified range.
A30: 1C | B30: Circuit Voltage Out of Range | C30: This sub type is used for failures, where the control module measures a voltage outside the expected range but not identified as too high or too low.
A31: 1D | B31: Circuit Current Out of Range | C31: This sub type is used for failures, where the control module measures a current outside the expected range but not identified as too high or too low.
A32: 1E | B32: Circuit Resistance Out of Range | C32: This sub type is used for failures, where the control module measures a resistance outside the expected range but not identified as too high or too low.
A33: 1F | B33: Circuit Intermittent | C33: This sub type is used for failures, where the control module momentarily detects one of the conditions defined above, but not long enough to set a specific sub type.
A34: 20 | B34: ISO/SAE Reserved | C34: This value is reserved by the document for future expansion.
A35: 21 | B35: Signal Amplitude < Minimum | C35: This sub type is used for failures where the control module measures a signal voltage amplitude below a specified range (e.g., low gain).
A36: 22 | B36: Signal Amplitude > Maximum | C36: This sub type is used for failures where the control module measures a signal voltage amplitude above a specified range (e.g., gain too high).
A37: 23 | B37: Signal Stuck Low | C37: This sub type is used for failures where the control module measures a signal that remains low when transitions are expected.
A38: 24 | B38: Signal Stuck High | C38: This sub type is used for failures where the control module measures a signal that remains high when transitions are expected.
A39: 25 | B39: Signal Shape / Waveform Failure | C39: This sub type is used for failures where the shape of the signal (plot of the amplitude with respect to time) is not correct, e.g., improper circuit impedance.
A40: 26 | B40: Signal Rate of Change Below Threshold | C40: This sub type is used for failures where the signal transitions more slowly than the specified limit.
A41: 27 | B41: Signal Rate of Change Above Threshold | C41: This sub type is used for failures where the signal transitions more quickly than the specified limit.
A42: 28 | B42: Signal Bias Level Out of Range / Zero Adjustment Failure | C42: This sub type is used for failures where the control module applies a bias voltage or a zero signal level to a circuit upon which is superimposed a signal voltage (e.g., bias voltage to an Oxygen Sensor circuit, or a filtered digital m/sec2 signal while vehicle stands still for a lateral accelerator sensor module.)
A43: 29 | B43: Signal Invalid | C43: This sub type is used for failures where the value of the signal is not plausible given the operating conditions.
A44: 2A | B44: Signal Stuck In Range | C44: This sub type is used for failures where the value of the signal is in the normal operating range, but not correct for current operating conditions.
A45: 2B | B45: Signal Cross Coupled | C45: This sub type is used when a signal is found to be incorrectly correlated to another signal that the control module is also monitoring, indicating that the signals are shorted together
A46: 2C | B46: ISO/SAE Reserved | C46: This value is reserved by the document for future expansion.
A47: 2D | B47: ISO/SAE Reserved | C47: This value is reserved by the document for future expansion.
A48: 2E | B48: ISO/SAE Reserved | C48: This value is reserved by the document for future expansion.
A49: 2F | B49: Signal Erratic | C49: This sub type is used for failures where the signal is momentarily implausible (not long enough for "signal invalid") or discontinuous.
A50: 30 | B50: ISO/SAE Reserved | C50: This value is reserved by the document for future expansion.
A51: 31 | B51: No Signal | C51: This sub type is used for failures where the control module does not detect a signal which ought to be present (e.g., wheel speed signals present for three of the four wheels and brakes not applied.)
A52: 32 | B52: Signal Low Time < Minimum | C52: This sub type is used for failures where the control module detects the low pulse is too narrow with respect to time.
A53: 33 | B53: Signal Low Time > Maximum | C53: This sub type is used for failures where the control module detects the low pulse is too wide with respect to time.
A54: 34 | B54: Signal High Time < Minimum | C54: This sub type is used for failures where the control module detects the high pulse is too narrow with respect to time.
A55: 35 | B55: Signal High Time > Maximum | C55: This sub type is used for failures where the control module detects the high pulse is too wide with respect to time.
A56: 36 | B56: Signal Frequency Too Low | C56: This sub type is used for failures where the control module detects excessive duration for one cycle of the output across a specified sample size.
A57: 37 | B57: Signal Frequency Too High | C57: This sub type is used for failures where the control module detects insufficient duration for one cycle of the output across a specified sample size.
A58: 38 | B58: Signal Frequency Incorrect | C58: This sub type is used for failures where the control module measures an incorrect number of cycles in a given time period.
A59: 39 | B59: Signal Has Too Few Pulses | C59: This sub type is used for failures where the control module measures too few pulses (e.g., position is calibrated in counts from one extreme to the other).
A60: 3A | B60: Signal Has Too Many Pulses | C60: This sub type is used for failures where the control module measures too many pulses (e.g., position is calibrated in counts from one extreme to the other).
A61: 3B | B61: ISO/SAE Reserved | C61: This value is reserved by the document for future expansion.
A62: 3C | B62: ISO/SAE Reserved | C62: This value is reserved by the document for future expansion.
A63: 3D | B63: ISO/SAE Reserved | C63: This value is reserved by the document for future expansion.
A64: 3E | B64: ISO/SAE Reserved | C64: This value is reserved by the document for future expansion.
A65: 3F | B65: ISO/SAE Reserved | C65: This value is reserved by the document for future expansion.
A66: 40 | B66: ISO/SAE Reserved | C66: This value is reserved by the document for future expansion.
A67: 41 | B67: General Checksum Failure | C67: This sub type is used by the control module to indicate an incorrect checksum calculation where memory type is not specified.
A68: 42 | B68: General Memory Failure | C68: This sub type is used by the control module to indicate a memory failure where memory type is not specified.
A69: 43 | B69: Special Memory Failure | C69: This sub type is used by the control module to indicate a memory failure where the specific memory type is not defined in this category.
A70: 44 | B70: Data Memory Failure | C70: This sub type is used by the control module to indicate a data (or working) memory failure for embedded systems using FLASH memory. This is equivalent to RAM in RAM/ROM/EEPROM embedded systems.
A71: 45 | B71: Program Memory Failure | C71: This sub type is used by the control module to indicate a program memory failure for embedded systems using FLASH memory. This is equivalent to ROM in RAM/ROM/EEPROM embedded systems.
A72: 46 | B72: Calibration / Parameter Memory Failure | C72: This sub type is used by the control module to indicate a calibration / parameter memory failure for embedded systems using FLASH memory. This is equivalent to EEPROM in RAM/ROM/EEPROM embedded systems.
A73: 47 | B73: Watchdog / Safety µC Failure | C73: This sub type is used by the control module to indicate a watchdog / safety µC failure, or a failure in the execution of operational software.
A74: 48 | B74: Supervision Software Failure | C74: This sub type is used by the control module to indicate a supervision software failure.
A75: 49 | B75: Internal Electronic Failure | C75: This sub type is used by the control module to indicate the detection of an internal circuit failure.
A76: 4A | B76: Incorrect Component Installed | C76: This sub type is used by the control module to indicate a mismatch between the hardware connected to the control module and the hardware expected by the control module.
A77: 4B | B77: Over Temperature | C77: This sub type is used by the control module to indicate the detection of an internal temperature above the expected range.
A78: 4C | B78: ISO/SAE Reserved | C78: This value is reserved by the document for future expansion.
A79: 4D | B79: ISO/SAE Reserved | C79: This value is reserved by the document for future expansion.
A80: 4E | B80: ISO/SAE Reserved | C80: This value is reserved by the document for future expansion.
A81: 4F | B81: ISO/SAE Reserved | C81: This value is reserved by the document for future expansion.
A82: 50 | B82: ISO/SAE Reserved | C82: This value is reserved by the document for future expansion.
A83: 51 | B83: Not Programmed | C83: This sub type is used by the control module to indicate that programming is required.
A84: 52 | B84: Not Activated | C84: This sub type is used by the control module to indicate that some portion of the program has not been enabled.
A85: 53 | B85: Deactivated | C85: This sub type is used by the control module to indicate that that some portion of the program has been disabled.
A86: 54 | B86: Missing Calibration | C86: This sub type is used by the control module to indicate that an operational range, etc., for a sensor or actuator must be taught to the control module, e.g. by programming or learning.
A87: 55 | B87: Not Configured | C87: This sub type is used by the control module to indicate the need to enter (program) the sub system option content or the vehicle option content.
A88: 56 | B88: Invalid / Incompatible Configuration | C88: This sub type indicates a control module or system configuration that cannot be valid, e.g. to have mutually exclusive options set on at the same time, or a set up that is not supported by the currently installed hardware/software.
A89: 57 | B89: Invalid / Incompatible Software Component | C89: This sub type is used by the control module to indicate that a software component (calibration or program) has been identified as invalid for the control module or incompatible with other hardware or software identified by the control module, e.g. a downloaded calibration software component is incompatible with a permanent or downloaded strategy software component.
A90: 58 | B90: ISO/SAE Reserved | C90: This value is reserved by the document for future expansion.
A91: 59 | B91: ISO/SAE Reserved | C91: This value is reserved by the document for future expansion.
A92: 5A | B92: ISO/SAE Reserved | C92: This value is reserved by the document for future expansion.
A93: 5B | B93: ISO/SAE Reserved | C93: This value is reserved by the document for future expansion.
A94: 5C | B94: ISO/SAE Reserved | C94: This value is reserved by the document for future expansion.
A95: 5D | B95: ISO/SAE Reserved | C95: This value is reserved by the document for future expansion.
A96: 5E | B96: ISO/SAE Reserved | C96: This value is reserved by the document for future expansion.
A97: 5F | B97: ISO/SAE Reserved | C97: This value is reserved by the document for future expansion.
A98: 60 | B98: ISO/SAE Reserved | C98: This value is reserved by the document for future expansion.
A99: 61 | B99: Signal Calculation Failure | C99: This sub type is used for algorithm based calculation failures where the calculated value is outside the expected range.
A100: 62 | B100: Signal Compare Failure | C100: This sub type is used for failures where the control module compares two or more input parameters for plausibility but cannot specifically identify the component that is faulted.
...
